file,1,2,3,4,5,6,7,8,9,10,11,12,13,14,15,16,17,18,19,20,21,22,23,24,25,26,27,28,29,30,31,32
oiseaux_de_senegambie_Page_031_1,0,0,0,0,0,0,0,0,0,1,0,0,0,1,0,0,0,0,1,0,0,0,0,1,0,0,0,0,0,0,0,0
oiseaux_de_senegambie_Page_031_2,0,0,0,0,0,0,0,1,0,0,0,0,0,0,0,0,0,0,0,0,0,0,0,0,0,0,0,0,0,0,0,0
oiseaux_de_senegambie_Page_031_3,0,1,0,1,0,1,0,1,1,0,0,0,0,1,1,0,0,0,0,0,0,0,0,0,0,0,0,1,0,0,0,0
oiseaux_de_senegambie_Page_031_4,0,1,0,0,0,0,0,1,0,0,0,0,0,0,0,0,0,0,0,0,0,0,0,0,0,0,0,0,0,0,0,0
oiseaux_de_senegambie_Page_033_1,1,0,0,0,0,0,0,0,0,0,0,0,0,0,0,0,0,0,0,0,0,0,0,0,0,0,0,0,0,0,0,0
oiseaux_de_senegambie_Page_033_2,0,0,1,1,1,1,1,1,1,0,0,1,1,1,1,1,0,0,0,0,0,0,0,0,0,1,0,0,1,0,0,0
oiseaux_de_senegambie_Page_033_3,0,1,1,1,1,1,1,1,1,1,0,1,1,1,1,1,0,0,0,0,1,0,0,0,1,1,0,0,0,1,0,0
oiseaux_de_senegambie_Page_034_1,0,1,1,1,1,1,1,1,1,0,0,1,0,1,1,0,0,0,0,0,0,0,0,0,0,0,0,1,0,1,0,0
oiseaux_de_senegambie_Page_034_2,0,1,1,1,0,1,1,1,1,0,1,1,1,1,1,1,1,0,0,0,1,0,0,0,0,1,0,1,0,1,0,0
oiseaux_de_senegambie_Page_034_3,0,1,0,1,1,1,1,1,1,0,0,0,1,1,1,0,1,0,0,0,1,0,0,0,0,1,0,1,0,1,0,0
oiseaux_de_senegambie_Page_034_4,0,0,0,0,0,1,0,1,0,0,0,0,0,1,0,0,0,0,0,0,0,0,0,0,0,0,0,0,0,0,0,0
oiseaux_de_senegambie_Page_035_1,0,1,0,1,1,1,1,1,1,0,0,0,0,1,1,0,0,0,0,0,0,0,0,0,0,0,0,0,0,0,0,0
oiseaux_de_senegambie_Page_035_2,0,0,0,0,0,0,1,0,1,0,0,0,0,0,0,0,0,0,0,0,0,0,0,0,0,0,0,0,0,0,0,0
oiseaux_de_senegambie_Page_035_3,0,0,0,1,1,1,1,0,1,1,0,0,0,1,1,0,0,0,0,0,0,0,0,0,0,1,0,0,0,1,0,0
oiseaux_de_senegambie_Page_035_4,0,1,0,1,1,1,1,1,1,0,0,0,1,1,1,1,1,0,0,1,1,1,0,0,0,1,0,1,1,1,0,0
oiseaux_de_senegambie_Page_036_1,0,0,0,0,1,1,1,0,1,0,0,0,0,0,0,0,0,0,0,0,0,0,0,0,0,0,0,0,0,0,0,0
oiseaux_de_senegambie_Page_036_2,0,1,1,1,0,1,1,1,1,0,0,1,1,1,1,1,1,0,0,1,1,0,0,0,0,1,0,1,1,1,0,1
oiseaux_de_senegambie_Page_036_3,0,1,1,1,1,1,1,1,1,0,1,1,0,1,1,1,1,0,0,1,0,0,1,0,0,1,0,1,1,1,0,0
oiseaux_de_senegambie_Page_036_4,0,1,1,1,1,1,1,1,1,1,0,1,1,1,1,1,1,1,0,1,1,0,1,1,0,1,1,1,1,1,0,1
oiseaux_de_senegambie_Page_036_5,0,1,0,1,1,1,1,1,1,0,0,1,1,1,1,0,1,0,0,0,0,0,0,0,0,0,0,0,0,0,0,0
oiseaux_de_senegambie_Page_037_1,0,1,1,1,1,1,1,1,1,0,0,1,0,1,1,0,1,0,0,0,1,1,0,0,0,0,0,0,0,1,0,0
oiseaux_de_senegambie_Page_037_2,0,1,1,1,1,1,1,1,1,1,1,1,1,1,1,1,1,0,0,1,1,0,1,0,0,1,0,0,0,1,0,0
oiseaux_de_senegambie_Page_037_3,0,1,1,1,1,1,1,1,1,1,1,0,1,1,1,1,1,0,0,0,0,0,0,0,0,1,0,0,0,1,0,0
oiseaux_de_senegambie_Page_037_4,0,1,1,1,1,1,1,1,1,0,0,1,1,1,1,0,1,0,0,0,0,0,0,1,0,1,0,0,1,1,0,0
oiseaux_de_senegambie_Page_037_5,0,1,1,1,1,1,1,1,1,0,1,1,1,1,1,1,1,0,0,0,1,0,0,1,0,1,0,1,1,1,0,1
oiseaux_de_senegambie_Page_038_1,0,1,0,1,1,1,1,1,1,0,0,0,0,1,1,0,0,0,0,0,0,0,0,0,0,1,0,0,0,1,0,0
oiseaux_de_senegambie_Page_038_2,0,1,0,1,1,1,1,1,1,1,1,0,1,1,1,1,0,0,0,0,1,1,1,1,0,1,0,1,0,1,0,0
oiseaux_de_senegambie_Page_038_3,0,1,0,1,1,1,1,1,1,0,0,1,1,1,1,1,1,0,0,0,1,0,0,0,1,1,0,0,1,1,0,0
oiseaux_de_senegambie_Page_038_4,0,0,0,1,1,1,1,1,1,0,1,0,1,1,1,1,1,1,0,1,0,0,1,1,1,1,0,1,1,1,0,1
oiseaux_de_senegambie_Page_039_1,0,0,0,1,0,1,0,1,1,0,0,0,0,1,1,1,0,0,0,0,0,0,0,0,0,1,0,0,0,0,0,0
oiseaux_de_senegambie_Page_039_2,0,0,0,1,0,1,0,1,0,1,0,0,0,0,0,1,0,0,0,0,0,0,0,0,0,0,0,0,0,0,0,0
oiseaux_de_senegambie_Page_039_3,0,0,0,1,0,1,1,1,1,0,0,0,0,0,1,0,0,0,0,0,0,0,0,0,0,1,0,0,0,1,0,1
oiseaux_de_senegambie_Page_039_4,0,0,0,1,0,1,1,0,1,0,0,0,0,1,1,0,0,0,0,0,0,0,0,1,0,1,0,1,1,1,0,1
oiseaux_de_senegambie_Page_039_5,0,0,0,1,1,1,1,1,1,0,0,0,0,1,1,0,0,0,0,0,0,0,0,0,0,1,0,0,1,1,0,0
oiseaux_de_senegambie_Page_040_1,0,0,0,1,0,1,1,1,1,0,0,0,0,1,1,0,0,0,0,1,0,1,1,0,0,1,0,0,0,0,0,0
oiseaux_de_senegambie_Page_040_2,0,0,0,1,0,0,1,0,0,0,0,0,0,1,0,0,0,0,0,0,0,0,0,0,0,0,0,0,0,0,0,0
oiseaux_de_senegambie_Page_040_3,0,0,0,1,1,1,1,1,1,0,0,1,1,1,1,0,1,0,0,0,0,0,0,0,0,1,0,1,0,1,0,0
oiseaux_de_senegambie_Page_040_4,0,0,0,0,0,1,1,1,1,0,0,1,1,1,1,1,1,0,0,0,0,0,0,0,0,1,0,0,1,1,0,0
oiseaux_de_senegambie_Page_040_5,0,0,0,0,0,0,0,0,0,0,0,0,0,0,0,0,0,0,0,0,0,0,0,0,0,1,0,0,0,0,0,0
oiseaux_de_senegambie_Page_041_1,0,1,0,1,0,1,0,1,1,0,0,1,0,1,1,1,0,0,0,0,0,0,0,0,0,1,0,0,0,1,0,0
oiseaux_de_senegambie_Page_041_2,0,0,0,1,0,1,1,0,1,0,0,0,1,1,1,0,1,0,0,1,0,0,1,1,0,1,0,1,1,1,0,0
oiseaux_de_senegambie_Page_041_3,0,0,1,1,0,1,0,1,0,0,0,0,1,1,0,0,0,0,0,0,0,0,0,0,0,0,0,0,0,0,0,0
oiseaux_de_senegambie_Page_041_4,0,0,1,0,0,1,1,1,1,0,0,1,1,1,1,1,0,0,0,0,0,0,0,0,0,1,0,0,0,1,0,0
oiseaux_de_senegambie_Page_041_5,0,1,1,1,1,1,1,1,1,1,0,0,0,1,0,0,0,0,0,0,0,0,0,0,0,0,0,0,0,0,0,0
oiseaux_de_senegambie_Page_042_1,0,0,0,1,0,0,0,1,1,0,0,1,0,1,0,1,0,0,0,0,0,0,0,0,0,0,0,0,0,1,0,0
oiseaux_de_senegambie_Page_042_2,0,0,1,1,0,1,1,1,0,0,0,0,0,1,0,0,0,0,0,0,0,0,0,0,0,0,0,0,0,0,0,0
oiseaux_de_senegambie_Page_042_3,0,0,0,0,0,0,1,1,1,0,0,1,0,1,1,0,0,0,0,0,0,0,0,0,0,1,0,0,0,0,0,0
oiseaux_de_senegambie_Page_042_4,0,1,0,1,0,1,1,1,1,0,1,1,1,1,1,1,1,0,0,0,1,0,0,0,0,1,0,0,0,1,0,0
oiseaux_de_senegambie_Page_042_5,0,0,0,0,0,0,0,1,0,0,0,0,0,0,0,0,0,0,0,0,0,0,0,0,0,0,0,0,0,0,0,0
oiseaux_de_senegambie_Page_043_1,0,0,0,1,0,1,1,1,1,0,1,1,1,1,1,1,1,0,0,0,1,0,1,0,0,1,0,1,1,1,0,0
oiseaux_de_senegambie_Page_043_2,0,0,0,1,0,1,1,1,1,0,0,1,1,1,1,1,1,0,0,0,0,0,1,0,0,1,0,0,0,1,0,0
oiseaux_de_senegambie_Page_043_3,0,0,0,0,0,0,0,1,0,0,0,0,0,0,0,0,0,0,0,0,0,0,0,0,0,0,0,0,0,0,0,0
oiseaux_de_senegambie_Page_043_4,0,0,0,0,0,0,0,1,0,0,0,0,0,0,0,0,0,0,0,0,0,0,0,0,0,0,0,0,0,0,0,0
oiseaux_de_senegambie_Page_043_5,0,1,0,1,1,1,1,1,1,0,0,0,0,1,1,1,1,0,0,0,1,0,0,0,0,1,0,0,0,0,0,0
oiseaux_de_senegambie_Page_043_6,0,0,0,0,0,1,0,1,1,0,0,0,1,1,0,0,0,0,0,0,0,0,0,0,0,0,0,0,0,0,0,0
oiseaux_de_senegambie_Page_044_1,0,1,0,0,0,0,0,1,0,0,0,0,0,0,0,0,0,0,0,0,0,0,0,0,0,0,0,0,0,0,0,0
oiseaux_de_senegambie_Page_044_2,0,1,0,0,0,1,1,1,1,0,0,1,1,1,1,0,0,0,0,0,0,0,0,0,0,0,0,0,0,0,0,0
oiseaux_de_senegambie_Page_044_3,0,1,1,0,0,0,1,1,1,0,0,1,0,1,1,1,1,0,0,0,0,0,0,0,0,1,0,0,0,1,0,0
oiseaux_de_senegambie_Page_044_4,0,1,0,0,0,1,1,1,1,0,0,1,1,1,1,1,0,0,0,0,0,0,0,0,0,1,0,0,0,0,0,0
oiseaux_de_senegambie_Page_044_5,0,0,0,0,0,0,0,1,0,0,0,0,0,1,0,0,0,0,0,0,0,0,0,0,0,1,0,0,0,0,0,0
oiseaux_de_senegambie_Page_045_1,0,0,0,0,0,0,0,1,0,0,0,0,0,0,0,0,0,0,0,0,0,0,0,0,0,0,0,0,0,0,0,0
oiseaux_de_senegambie_Page_045_2,0,0,0,0,0,1,0,1,0,0,0,0,0,0,0,0,0,0,0,0,0,0,0,0,0,0,0,0,0,0,0,0
oiseaux_de_senegambie_Page_045_3,0,1,0,0,0,1,0,1,1,0,0,0,1,1,0,0,0,0,0,0,0,0,0,0,0,0,0,0,0,1,0,0
oiseaux_de_senegambie_Page_045_4,0,0,0,0,0,1,0,1,1,0,0,0,0,1,1,0,0,0,0,0,0,0,0,0,0,0,0,0,0,0,0,0
oiseaux_de_senegambie_Page_045_5,0,0,0,0,0,1,1,1,1,0,0,0,1,1,0,0,0,0,0,0,0,0,0,0,0,0,0,0,0,1,0,0
oiseaux_de_senegambie_Page_046_1,0,0,1,1,0,0,0,1,0,0,0,0,0,1,0,0,0,0,0,0,0,0,0,0,0,0,0,0,0,0,0,0
oiseaux_de_senegambie_Page_046_2,0,1,1,1,1,1,1,1,1,0,0,0,0,1,1,0,0,0,1,0,1,1,0,1,1,1,0,1,1,1,0,1
oiseaux_de_senegambie_Page_046_3,0,1,0,1,1,1,1,0,1,0,0,1,0,1,1,0,0,0,0,0,1,1,1,0,0,1,0,1,1,1,0,1
oiseaux_de_senegambie_Page_046_4,0,1,1,1,0,0,1,0,0,0,0,0,0,1,0,0,0,0,0,0,0,1,1,0,0,0,0,0,0,0,0,0
oiseaux_de_senegambie_Page_046_5,0,1,1,1,1,1,1,1,1,1,0,1,0,1,1,1,0,0,1,0,1,0,1,1,1,1,0,1,1,1,0,0
oiseaux_de_senegambie_Page_047_1,0,1,0,0,0,1,1,1,0,0,0,0,0,1,0,0,0,0,0,0,0,0,0,0,0,1,0,1,1,1,0,0
oiseaux_de_senegambie_Page_047_2,0,1,1,1,1,1,1,1,1,1,1,1,1,1,1,1,1,0,1,1,1,0,1,1,0,1,0,1,1,1,0,1
oiseaux_de_senegambie_Page_047_3,0,1,1,1,1,1,1,0,1,0,0,0,1,0,1,0,1,0,0,1,0,0,1,0,0,1,0,0,1,1,0,1
oiseaux_de_senegambie_Page_047_4,0,1,1,1,1,1,1,1,1,1,1,1,1,1,1,1,1,1,0,1,1,0,1,1,0,1,0,1,1,1,0,1
oiseaux_de_senegambie_Page_048_1,0,1,0,1,1,1,1,1,1,0,0,1,0,1,1,1,1,0,0,0,1,0,0,1,0,1,0,0,1,1,0,0
oiseaux_de_senegambie_Page_048_2,0,1,1,1,1,1,1,1,1,0,0,0,0,1,1,1,1,0,0,1,0,0,0,1,0,1,1,0,0,0,0,0
oiseaux_de_senegambie_Page_048_3,0,1,1,1,0,1,0,1,1,1,0,1,0,1,1,1,1,0,0,0,1,1,0,1,0,1,1,1,0,1,0,0
oiseaux_de_senegambie_Page_048_4,0,1,1,1,1,1,1,0,1,1,0,0,1,1,1,1,1,0,0,1,1,1,1,0,1,1,0,0,1,1,0,1
oiseaux_de_senegambie_Page_048_5,0,0,0,0,0,1,1,0,1,0,0,1,0,1,1,0,0,1,1,1,1,0,1,1,1,1,1,1,1,1,0,1
oiseaux_de_senegambie_Page_048_6,0,1,0,1,0,1,1,1,1,0,0,0,0,1,1,1,0,0,1,1,0,0,0,1,0,1,0,1,1,0,0,0
oiseaux_de_senegambie_Page_049_1,0,0,0,1,1,1,1,0,1,0,0,0,0,1,1,1,1,0,0,0,0,0,1,0,0,1,0,0,0,1,0,0
oiseaux_de_senegambie_Page_049_2,0,0,0,1,1,1,1,1,1,1,0,0,0,1,1,0,1,1,1,0,1,0,1,1,1,1,1,1,1,1,0,0
oiseaux_de_senegambie_Page_049_3,0,0,0,0,1,1,1,0,1,0,0,0,1,0,1,0,0,0,0,0,1,0,0,0,0,1,0,0,0,0,0,0
oiseaux_de_senegambie_Page_049_4,0,0,0,0,0,1,1,0,0,0,0,0,0,0,0,0,0,0,0,0,0,0,0,0,0,0,0,0,0,0,0,0
oiseaux_de_senegambie_Page_049_5,0,0,0,0,0,1,1,0,1,0,0,0,0,0,1,0,0,0,0,0,0,0,0,0,0,1,0,0,0,0,0,0
oiseaux_de_senegambie_Page_049_6,0,1,1,1,1,1,1,1,1,0,1,0,1,1,1,1,0,1,1,0,0,0,1,1,1,1,0,1,1,1,0,1
oiseaux_de_senegambie_Page_050_1,0,0,0,0,1,1,1,0,1,0,0,0,0,0,1,0,0,0,0,0,0,0,0,0,0,1,0,1,0,0,0,0
oiseaux_de_senegambie_Page_050_2,0,0,0,0,0,0,0,0,0,0,0,0,0,0,1,0,0,0,0,0,0,0,0,0,0,0,0,0,0,0,0,0
oiseaux_de_senegambie_Page_050_3,0,0,0,0,0,0,1,0,0,0,0,0,0,0,0,0,0,0,0,0,0,0,1,0,0,0,0,0,0,0,0,0
oiseaux_de_senegambie_Page_050_4,0,0,0,0,1,1,1,0,1,1,0,0,0,1,1,1,0,1,1,1,0,1,0,1,0,1,1,1,1,1,0,1
oiseaux_de_senegambie_Page_050_5,0,1,0,1,1,1,1,1,1,1,1,1,1,1,1,1,0,1,1,1,0,0,1,1,0,1,1,1,1,1,0,1
oiseaux_de_senegambie_Page_050_6,0,1,0,0,1,1,1,0,1,0,1,0,1,0,1,0,1,1,0,0,0,0,1,0,0,1,0,1,1,1,0,1
oiseaux_de_senegambie_Page_051_1,0,1,0,1,0,0,0,0,1,0,0,0,0,1,1,0,0,0,0,0,0,0,0,0,0,0,0,0,0,0,0,0
oiseaux_de_senegambie_Page_051_2,0,1,1,0,1,1,1,0,1,1,1,0,0,1,1,0,0,1,0,1,1,0,1,1,0,1,0,1,1,1,0,1
oiseaux_de_senegambie_Page_051_3,0,1,0,1,0,1,0,0,1,0,0,0,0,1,0,0,0,0,0,0,0,0,0,0,0,0,0,0,0,0,0,0
oiseaux_de_senegambie_Page_051_4,0,1,0,0,1,1,0,0,1,0,0,0,0,1,0,0,0,0,0,0,0,0,0,0,0,1,0,1,1,1,0,0
oiseaux_de_senegambie_Page_051_5,0,1,0,1,0,1,1,0,1,0,0,0,1,1,1,0,1,0,0,0,0,0,1,0,1,1,0,1,1,1,0,0
oiseaux_de_senegambie_Page_052_1,0,0,0,0,0,0,1,0,0,0,0,0,0,0,1,0,0,0,0,0,0,0,0,0,0,0,0,0,0,0,0,0
oiseaux_de_senegambie_Page_052_2,0,0,0,1,1,1,1,1,1,0,0,0,0,1,1,0,0,1,1,0,0,1,1,1,0,1,0,1,1,0,0,0
oiseaux_de_senegambie_Page_052_3,0,1,1,0,1,1,0,1,1,0,0,0,0,1,1,1,0,0,0,0,0,0,0,0,0,0,0,1,0,1,0,0
oiseaux_de_senegambie_Page_052_4,0,0,0,0,1,1,1,0,1,1,1,0,0,1,1,1,0,1,0,0,0,0,1,0,1,1,0,1,1,1,0,0
oiseaux_de_senegambie_Page_052_5,0,1,1,1,0,1,1,1,1,0,0,1,0,1,1,1,0,0,1,1,0,1,1,1,1,1,0,1,1,1,0,0
oiseaux_de_senegambie_Page_053_1,0,0,0,1,0,1,1,0,1,0,0,1,0,1,1,1,0,0,0,0,1,0,1,0,0,1,0,0,1,0,0,0
oiseaux_de_senegambie_Page_053_2,0,1,0,1,1,1,1,1,1,0,1,1,1,1,1,1,1,0,0,1,1,1,1,1,0,1,1,0,1,1,0,0
oiseaux_de_senegambie_Page_053_3,0,0,1,0,0,1,1,0,1,0,0,0,0,0,1,0,0,0,0,0,0,0,1,0,0,0,0,0,0,0,0,0
oiseaux_de_senegambie_Page_053_4,0,1,1,1,1,1,1,1,1,1,0,1,1,1,1,1,1,1,0,1,1,1,1,1,0,1,0,1,1,1,0,0
oiseaux_de_senegambie_Page_053_5,0,0,0,0,0,1,1,0,1,0,0,0,0,0,0,0,0,0,0,0,0,0,1,0,0,0,0,0,0,0,0,0
oiseaux_de_senegambie_Page_054_1,0,1,0,1,1,1,1,1,1,1,0,0,0,1,1,0,0,0,1,0,0,0,1,0,1,1,1,1,1,0,0,0
oiseaux_de_senegambie_Page_054_2,0,1,1,1,1,1,1,1,1,1,0,0,0,1,1,1,0,1,0,0,0,0,0,1,0,1,1,1,1,1,0,0
oiseaux_de_senegambie_Page_054_3,0,0,0,1,0,1,1,0,1,0,0,0,0,0,0,0,0,0,0,0,0,0,0,0,0,1,0,0,0,0,0,0
oiseaux_de_senegambie_Page_054_4,0,1,0,0,1,1,1,1,1,0,0,0,0,1,1,1,0,0,0,0,0,1,0,1,0,1,0,0,0,1,0,0
oiseaux_de_senegambie_Page_054_5,0,1,1,1,1,1,1,1,1,0,0,1,0,1,1,1,0,0,0,0,0,0,0,0,0,1,0,1,0,0,0,0
oiseaux_de_senegambie_Page_054_6,0,0,0,0,0,0,0,0,0,0,0,0,0,1,0,0,0,0,0,0,0,0,0,0,0,0,0,0,0,0,0,0
oiseaux_de_senegambie_Page_055_1,0,1,0,1,0,1,1,1,1,0,0,0,0,0,0,0,0,0,0,0,0,0,0,0,0,0,0,0,0,1,0,0
oiseaux_de_senegambie_Page_055_2,0,0,0,0,0,0,0,1,0,0,0,0,0,0,0,0,0,0,0,0,0,0,0,0,0,0,0,0,0,0,0,0
oiseaux_de_senegambie_Page_055_3,0,1,0,0,1,1,1,0,1,0,0,0,1,0,1,0,0,1,0,0,0,0,1,0,0,1,0,0,0,0,0,0
oiseaux_de_senegambie_Page_055_4,0,0,0,0,0,1,1,1,1,0,0,0,0,0,1,1,0,0,0,0,1,0,0,0,0,0,0,1,0,0,0,0
oiseaux_de_senegambie_Page_055_5,0,0,1,0,1,1,1,1,1,0,0,1,0,1,1,1,0,0,1,0,1,1,1,1,0,1,0,1,1,1,0,0
oiseaux_de_senegambie_Page_056_1,0,1,1,0,0,1,1,1,1,0,1,0,0,1,0,0,0,0,0,0,0,0,0,0,0,1,0,0,1,0,0,0
oiseaux_de_senegambie_Page_056_2,0,1,0,0,0,0,1,0,0,0,0,0,0,0,0,0,0,0,0,0,0,0,0,0,0,0,0,0,0,0,0,0
oiseaux_de_senegambie_Page_056_3,0,0,0,1,1,1,1,1,1,1,0,0,1,1,1,0,0,0,0,1,1,0,1,1,0,1,0,1,1,1,0,1
oiseaux_de_senegambie_Page_056_4,0,0,0,0,0,0,0,0,1,0,0,0,0,0,0,0,0,0,0,0,0,0,0,0,0,1,0,0,0,1,0,0
oiseaux_de_senegambie_Page_056_5,0,1,1,1,1,1,1,1,1,0,0,1,0,1,1,1,1,1,1,1,1,1,1,1,1,1,1,1,1,1,0,0
oiseaux_de_senegambie_Page_056_6,0,0,0,0,0,1,1,0,0,0,0,0,0,0,0,0,0,0,0,0,0,0,0,0,0,1,0,0,0,0,0,0
oiseaux_de_senegambie_Page_057_1,0,0,0,0,1,0,0,0,1,1,1,0,0,0,0,0,1,1,0,1,0,0,1,0,1,1,0,1,1,0,0,1
oiseaux_de_senegambie_Page_057_2,0,1,1,1,1,1,1,1,1,1,1,1,1,1,1,1,1,1,1,1,1,0,1,1,1,1,0,1,1,1,0,1
oiseaux_de_senegambie_Page_057_3,0,0,0,0,0,1,1,0,0,0,0,0,0,0,0,0,0,0,0,0,0,0,0,0,0,0,0,0,0,0,0,0
oiseaux_de_senegambie_Page_057_4,0,1,0,0,1,1,1,1,0,0,0,0,0,1,0,0,0,1,1,0,0,0,0,0,0,0,0,0,0,1,0,0
oiseaux_de_senegambie_Page_057_5,0,0,0,1,0,0,0,0,0,0,0,0,0,0,0,0,0,0,0,0,0,0,0,0,0,0,0,0,0,0,0,0
oiseaux_de_senegambie_Page_058_1,0,1,1,1,1,1,0,0,1,1,1,0,0,1,1,0,1,1,1,1,1,0,1,0,1,1,0,1,1,1,0,1
oiseaux_de_senegambie_Page_058_2,0,1,0,1,1,1,1,0,1,1,1,1,0,1,1,0,1,1,1,1,0,0,1,0,0,1,0,1,1,1,0,1
oiseaux_de_senegambie_Page_058_3,0,0,0,0,0,0,0,1,0,0,0,0,0,1,0,1,0,0,0,0,0,0,0,0,0,0,0,0,0,0,0,0
oiseaux_de_senegambie_Page_058_4,0,0,0,0,0,0,0,0,0,0,0,0,0,1,0,0,0,0,0,0,0,0,0,0,0,0,0,0,0,0,0,0
oiseaux_de_senegambie_Page_058_5,0,0,1,0,0,1,1,0,1,0,0,0,0,0,1,0,0,0,0,0,0,0,0,0,0,0,0,0,0,0,0,0
oiseaux_de_senegambie_Page_058_6,0,0,0,0,0,0,1,1,0,0,0,0,0,1,0,0,0,0,0,0,0,0,0,0,0,0,0,0,0,0,0,0
oiseaux_de_senegambie_Page_059_1,0,0,0,0,0,1,1,0,1,0,0,0,0,0,0,0,0,0,0,0,0,0,0,0,0,0,0,0,0,0,0,0
oiseaux_de_senegambie_Page_059_2,0,1,0,0,0,1,1,1,1,0,0,0,1,1,1,0,0,0,0,0,0,0,1,0,0,1,0,0,0,0,0,0
oiseaux_de_senegambie_Page_059_3,0,1,0,0,1,1,1,0,1,0,0,0,1,1,1,0,1,0,0,1,0,0,0,0,0,1,0,0,0,1,0,1
oiseaux_de_senegambie_Page_059_4,0,1,1,1,1,1,1,1,1,0,1,1,0,1,1,1,1,0,0,0,0,0,0,0,0,1,0,0,0,1,0,1
oiseaux_de_senegambie_Page_060_1,0,0,1,0,0,0,1,0,0,0,0,0,0,1,1,0,0,0,0,0,0,0,0,0,0,0,0,0,0,0,0,0
oiseaux_de_senegambie_Page_060_2,0,1,1,0,0,1,1,1,0,0,0,1,0,1,0,0,0,0,0,0,0,0,0,0,0,0,0,0,0,0,0,0
oiseaux_de_senegambie_Page_060_3,0,1,0,0,0,1,0,1,1,0,0,0,0,1,1,0,0,0,0,0,0,0,0,0,0,0,0,0,0,0,0,0
oiseaux_de_senegambie_Page_060_4,0,0,0,0,0,1,1,0,1,0,0,0,0,1,1,0,0,0,0,0,0,0,0,0,0,1,0,0,0,1,0,0
oiseaux_de_senegambie_Page_060_5,0,0,0,1,0,1,1,1,1,0,1,1,1,1,1,1,0,0,0,0,0,0,1,0,0,1,0,1,0,1,0,0
oiseaux_de_senegambie_Page_061_1,0,1,0,0,0,1,0,1,0,0,0,1,0,1,0,1,0,0,1,0,0,0,0,0,0,0,0,0,0,0,0,0
oiseaux_de_senegambie_Page_061_2,0,0,0,0,1,1,0,0,1,0,0,1,0,1,0,0,0,0,0,0,0,0,0,0,0,1,0,0,1,0,0,0
oiseaux_de_senegambie_Page_061_3,0,1,1,1,1,0,0,1,0,1,0,1,0,1,0,0,0,1,1,0,0,0,0,1,0,0,0,1,0,0,0,1
oiseaux_de_senegambie_Page_062_1,0,0,0,1,0,1,1,1,1,1,0,0,1,1,1,1,1,0,1,0,0,0,0,0,0,1,0,0,0,1,0,0
oiseaux_de_senegambie_Page_062_2,0,0,1,1,1,1,1,0,1,1,1,0,0,0,1,0,1,1,0,1,0,0,1,0,0,1,0,1,1,1,0,0
oiseaux_de_senegambie_Page_062_3,0,1,0,0,0,0,0,1,0,0,0,0,0,1,0,0,0,0,0,0,0,0,0,0,0,0,0,0,0,0,0,0
oiseaux_de_senegambie_Page_062_4,0,1,0,1,1,1,1,1,1,0,0,1,1,1,1,1,1,0,0,0,0,0,0,0,0,1,0,0,1,1,0,0
oiseaux_de_senegambie_Page_062_5,0,1,1,1,1,1,1,1,1,0,1,1,1,1,1,1,1,1,1,1,0,0,0,0,0,1,0,1,1,1,0,0
oiseaux_de_senegambie_Page_063_1,0,0,1,1,1,1,0,1,0,1,0,1,0,1,1,0,0,1,1,0,0,0,0,1,1,1,0,1,1,1,0,1
oiseaux_de_senegambie_Page_063_2,0,0,0,0,0,0,1,0,0,0,0,0,0,0,0,0,0,0,0,0,0,0,0,0,0,0,0,0,0,0,0,0
oiseaux_de_senegambie_Page_063_3,0,1,0,0,0,0,1,0,0,0,0,0,0,0,0,0,0,0,0,0,0,0,0,0,0,0,0,0,0,0,0,0
oiseaux_de_senegambie_Page_063_4,0,0,0,0,0,0,0,1,0,0,0,0,0,1,0,0,0,0,0,0,0,0,0,0,0,0,0,0,0,0,0,0
oiseaux_de_senegambie_Page_063_5,0,1,1,1,1,1,1,0,0,0,0,0,0,0,0,0,0,0,0,0,0,0,0,0,0,0,0,0,0,0,0,0
oiseaux_de_senegambie_Page_063_6,0,1,1,1,1,1,1,1,1,0,1,1,1,1,1,1,1,0,1,0,0,1,1,1,0,1,0,1,1,1,0,0
oiseaux_de_senegambie_Page_064_1,0,0,0,0,0,0,0,0,0,0,0,0,0,0,0,0,0,0,0,0,0,0,0,0,0,0,0,0,0,1,0,0
oiseaux_de_senegambie_Page_064_2,0,0,1,0,0,0,0,0,1,0,0,0,0,1,1,0,0,0,0,0,0,0,0,0,0,1,0,0,0,1,0,0
oiseaux_de_senegambie_Page_064_3,0,1,1,1,1,1,1,1,1,1,1,1,1,1,1,1,1,1,1,1,1,1,1,1,1,1,1,1,1,1,0,0
oiseaux_de_senegambie_Page_064_4,0,0,0,0,1,0,1,0,0,0,0,0,0,0,0,0,0,0,0,0,0,0,0,0,0,0,0,0,0,0,0,0
oiseaux_de_senegambie_Page_064_5,0,1,1,1,1,1,1,1,1,0,1,1,1,1,1,1,1,1,0,1,0,0,1,0,0,1,0,1,1,1,0,1
oiseaux_de_senegambie_Page_064_6,0,0,0,0,0,1,0,1,0,0,0,0,0,0,0,0,0,0,0,0,0,0,0,0,0,0,0,0,0,0,0,0
oiseaux_de_senegambie_Page_065_1,0,0,0,0,0,0,0,0,0,0,0,0,0,1,0,0,0,0,0,0,0,0,0,0,0,0,0,0,0,0,0,0
oiseaux_de_senegambie_Page_065_2,0,1,1,1,1,1,1,1,1,1,0,0,0,1,1,1,0,0,0,0,0,0,0,0,0,0,0,0,1,1,0,0
oiseaux_de_senegambie_Page_065_3,0,1,1,1,1,1,1,1,1,0,0,0,0,0,1,0,0,0,0,0,0,0,0,0,0,0,0,0,0,0,0,0
oiseaux_de_senegambie_Page_065_4,0,1,1,1,1,1,1,1,1,0,0,1,0,1,1,1,0,0,0,0,0,0,0,1,0,1,0,1,1,1,0,0
oiseaux_de_senegambie_Page_065_5,0,1,1,1,1,1,1,1,1,0,0,1,0,1,1,1,1,0,0,0,1,0,0,0,0,0,0,0,0,1,0,0
oiseaux_de_senegambie_Page_065_6,0,0,0,0,0,0,1,0,0,0,0,0,0,0,1,0,0,0,0,0,0,0,0,0,0,1,0,0,1,1,0,0
oiseaux_de_senegambie_Page_066_1,0,0,0,1,0,1,1,0,0,0,0,0,0,0,0,0,0,0,0,0,0,0,0,0,0,0,0,0,0,0,0,0
oiseaux_de_senegambie_Page_066_2,0,1,1,1,1,1,1,1,0,0,0,0,0,1,0,0,0,0,0,0,0,0,0,0,0,0,0,0,0,0,0,0
oiseaux_de_senegambie_Page_066_3,0,0,0,0,0,1,0,0,0,0,0,0,0,0,0,0,0,0,0,0,0,0,0,0,0,0,0,0,0,0,0,0
oiseaux_de_senegambie_Page_066_4,0,1,1,1,1,1,1,1,1,0,0,0,0,0,1,0,0,0,0,0,0,0,0,0,0,0,0,0,0,0,0,0
oiseaux_de_senegambie_Page_066_5,0,1,1,1,1,1,1,1,1,0,0,0,0,1,0,0,0,0,0,0,0,0,0,0,0,0,0,0,0,0,0,0
oiseaux_de_senegambie_Page_067_1,0,1,1,1,1,1,1,1,1,1,0,0,0,1,0,0,0,0,0,0,0,0,0,0,0,0,0,0,0,0,0,0
oiseaux_de_senegambie_Page_067_2,0,1,1,1,1,1,1,1,1,0,0,1,0,1,1,1,1,0,0,0,0,0,0,0,0,1,0,0,0,0,0,0
oiseaux_de_senegambie_Page_067_3,0,1,1,1,1,1,1,1,1,0,0,1,1,1,1,1,1,0,0,0,1,1,1,0,0,1,0,0,1,1,0,0
oiseaux_de_senegambie_Page_067_4,0,1,1,1,1,1,1,1,1,0,0,0,0,1,1,1,0,0,0,0,0,0,0,0,0,1,0,0,0,0,0,0
oiseaux_de_senegambie_Page_067_5,0,1,1,1,1,1,1,1,1,0,1,1,1,1,1,1,1,0,0,0,1,0,0,1,0,1,0,1,1,1,0,0
oiseaux_de_senegambie_Page_067_6,0,0,0,0,0,1,0,0,0,0,0,0,0,0,0,0,0,0,0,0,0,0,0,0,0,0,0,0,0,0,0,0
oiseaux_de_senegambie_Page_068_1,0,0,0,0,0,1,0,0,0,0,0,0,0,0,0,0,0,0,0,0,0,0,0,0,0,0,0,0,0,0,0,0
oiseaux_de_senegambie_Page_068_2,0,1,1,1,1,1,1,1,1,0,0,1,1,1,1,1,1,0,0,0,1,1,0,0,0,1,0,0,1,1,0,0
oiseaux_de_senegambie_Page_068_3,0,1,0,1,0,1,1,1,1,0,1,0,1,1,1,1,0,0,0,0,0,0,0,0,0,1,0,0,1,1,0,0
oiseaux_de_senegambie_Page_068_4,0,1,1,1,1,1,1,1,1,0,0,1,0,1,1,1,1,0,0,0,0,0,0,0,0,1,0,0,0,0,0,0
oiseaux_de_senegambie_Page_068_5,0,1,1,1,0,1,1,1,1,0,0,0,0,1,1,1,0,0,0,0,0,0,0,0,0,1,0,0,0,0,0,0
oiseaux_de_senegambie_Page_068_6,0,1,1,1,1,1,1,1,0,0,0,1,0,1,0,0,0,0,0,0,0,0,0,0,0,0,0,0,0,0,0,0
oiseaux_de_senegambie_Page_069_1,0,0,0,0,0,0,1,1,0,0,0,0,0,1,1,0,0,0,0,0,0,0,0,0,0,0,0,0,0,0,0,0
oiseaux_de_senegambie_Page_069_2,0,0,0,0,0,0,1,1,0,0,0,0,0,1,1,0,0,0,0,0,0,0,0,0,0,0,0,0,0,0,0,0
oiseaux_de_senegambie_Page_069_3,0,0,1,1,1,1,1,1,1,0,0,1,0,1,1,1,1,0,0,0,1,0,0,0,0,1,0,0,0,0,0,0
oiseaux_de_senegambie_Page_069_4,0,0,0,0,0,1,0,0,0,0,0,0,0,0,0,0,0,0,0,0,0,0,0,0,0,0,0,0,0,0,0,0
oiseaux_de_senegambie_Page_069_5,0,1,1,1,0,1,1,1,0,0,0,0,0,1,1,0,0,0,0,0,0,0,0,0,0,0,0,0,0,0,0,0
oiseaux_de_senegambie_Page_069_6,0,1,1,1,1,1,1,1,0,0,0,0,0,1,0,0,0,0,0,0,0,0,0,0,0,0,0,0,0,0,0,0
oiseaux_de_senegambie_Page_070_1,0,0,0,0,0,1,0,0,0,0,0,0,0,0,0,0,0,0,0,0,0,0,0,0,0,0,0,0,0,0,0,0
oiseaux_de_senegambie_Page_070_2,0,1,1,1,1,1,1,1,0,0,0,0,0,1,0,1,0,0,0,0,0,0,0,0,0,0,0,0,0,0,0,0
oiseaux_de_senegambie_Page_070_3,0,1,1,1,1,1,1,1,1,1,0,1,1,1,1,1,0,0,0,0,1,1,0,1,0,1,0,0,0,1,0,0
oiseaux_de_senegambie_Page_070_4,0,1,1,1,1,1,1,1,1,0,0,0,0,0,1,0,0,0,0,0,0,0,0,0,0,0,0,0,0,1,0,0
oiseaux_de_senegambie_Page_070_5,0,0,0,1,0,1,1,1,1,0,0,0,0,1,1,0,0,0,0,0,1,0,0,0,0,0,0,0,0,1,0,0
oiseaux_de_senegambie_Page_070_6,0,1,0,0,0,0,0,0,0,0,0,0,0,0,0,0,0,0,0,0,0,0,0,0,0,0,0,0,0,0,0,0
oiseaux_de_senegambie_Page_071_1,0,1,0,0,0,0,0,0,0,0,0,0,0,0,0,0,0,0,0,0,0,0,0,0,0,0,0,0,0,0,0,0
oiseaux_de_senegambie_Page_071_2,0,1,0,1,1,0,0,0,0,0,0,0,0,0,0,0,0,0,0,0,0,0,0,0,0,0,0,0,0,0,0,0
oiseaux_de_senegambie_Page_071_3,0,1,1,1,1,1,1,1,1,1,0,0,1,1,1,1,0,0,0,0,0,0,0,0,0,1,0,1,1,1,0,0
oiseaux_de_senegambie_Page_071_4,0,1,1,1,1,1,1,1,1,0,0,1,0,1,0,0,0,0,0,0,0,0,0,0,0,1,0,0,0,0,0,0
oiseaux_de_senegambie_Page_071_5,0,1,1,1,1,1,1,1,1,1,0,1,1,1,1,1,1,0,0,0,1,0,0,1,0,1,1,1,1,1,0,0
oiseaux_de_senegambie_Page_071_6,0,1,0,1,1,1,1,1,1,0,0,0,0,1,1,1,1,0,0,0,1,0,0,0,0,1,0,1,0,1,0,0
oiseaux_de_senegambie_Page_072_1,0,1,1,1,0,1,0,1,0,0,0,0,0,1,0,0,0,0,0,0,0,0,0,1,0,0,0,0,0,0,0,0
oiseaux_de_senegambie_Page_072_2,0,0,0,0,0,1,0,0,1,0,0,0,0,1,1,1,1,0,0,0,0,1,0,1,0,1,1,1,1,1,0,0
oiseaux_de_senegambie_Page_072_3,0,1,1,1,0,1,1,1,1,1,0,0,0,1,0,1,0,1,0,0,1,0,0,1,0,0,0,0,0,0,0,0
oiseaux_de_senegambie_Page_072_4,0,0,0,0,0,1,0,0,1,1,0,1,0,1,1,1,0,1,1,0,0,0,0,1,1,1,0,0,1,1,0,1
oiseaux_de_senegambie_Page_073_1,0,1,0,1,0,1,1,1,1,1,0,1,0,1,1,1,1,0,0,0,1,0,0,0,0,1,0,0,0,1,0,0
oiseaux_de_senegambie_Page_073_2,0,1,0,0,1,1,0,1,0,0,0,0,0,0,0,0,0,0,0,0,0,0,0,0,0,0,0,0,0,0,0,0
oiseaux_de_senegambie_Page_074_1,0,0,0,0,0,0,0,1,0,0,0,0,0,0,0,0,0,0,0,0,0,0,0,0,0,0,0,0,0,0,0,0
oiseaux_de_senegambie_Page_074_2,0,0,0,0,1,1,0,0,0,0,0,0,0,0,0,0,0,0,0,0,0,0,0,0,0,0,0,0,0,0,0,0
oiseaux_de_senegambie_Page_074_3,0,1,0,0,0,1,0,0,0,0,0,0,0,0,0,0,0,0,0,0,0,0,0,0,0,0,0,0,0,0,0,0
oiseaux_de_senegambie_Page_074_4,0,1,1,1,1,1,1,1,0,0,0,0,0,1,0,0,0,0,0,0,0,0,0,0,0,0,0,0,0,0,0,0
oiseaux_de_senegambie_Page_075_1,0,0,0,0,0,1,0,1,0,0,0,0,0,0,0,0,0,0,0,0,0,0,0,0,0,0,0,0,0,0,0,0
oiseaux_de_senegambie_Page_075_2,0,1,1,1,1,1,1,1,0,0,0,0,0,0,0,0,0,0,0,0,0,0,0,0,0,0,0,0,0,0,0,0
oiseaux_de_senegambie_Page_075_3,0,1,1,1,1,1,1,1,0,0,0,1,0,1,0,0,0,0,0,0,0,0,0,0,0,0,0,0,0,0,0,0
oiseaux_de_senegambie_Page_076_1,0,0,0,1,0,1,1,1,0,0,0,0,0,0,0,0,0,0,0,0,0,0,0,0,0,0,0,0,0,0,0,0
oiseaux_de_senegambie_Page_076_2,0,1,1,1,1,1,1,1,0,0,0,1,0,1,0,0,0,0,0,0,0,0,0,0,0,0,0,0,0,0,0,0
oiseaux_de_senegambie_Page_076_3,0,0,0,1,0,1,1,1,1,0,0,0,0,1,1,0,0,0,0,0,0,1,0,0,0,1,0,1,1,0,0,0
oiseaux_de_senegambie_Page_076_4,0,0,0,0,1,0,0,0,0,0,0,0,0,0,0,0,0,0,0,0,0,0,0,0,0,0,0,0,0,0,0,0
oiseaux_de_senegambie_Page_077_1,0,1,1,1,1,1,1,1,1,0,0,0,1,1,0,0,0,0,0,0,0,1,0,0,0,0,0,0,0,0,0,0
oiseaux_de_senegambie_Page_077_2,0,1,1,1,0,1,1,1,1,0,0,0,0,1,1,1,0,0,0,0,0,0,0,1,0,0,0,1,1,0,0,0
oiseaux_de_senegambie_Page_077_3,0,1,1,1,1,1,1,1,0,0,0,0,0,1,0,0,0,0,0,0,0,0,0,0,0,0,0,0,0,0,0,0
oiseaux_de_senegambie_Page_077_4,0,1,1,1,1,1,1,1,1,0,0,0,1,0,0,0,0,0,0,0,0,0,0,0,0,0,0,0,0,0,0,0
oiseaux_de_senegambie_Page_077_5,0,1,0,0,1,1,0,0,0,0,0,0,0,0,0,0,0,0,0,0,0,0,0,0,0,0,0,0,0,0,0,0
oiseaux_de_senegambie_Page_078_1,0,1,0,1,1,1,1,0,0,0,0,0,0,0,0,0,0,0,0,0,0,0,0,0,0,0,0,0,0,0,0,0
oiseaux_de_senegambie_Page_078_2,0,1,1,1,1,1,1,1,0,0,0,0,0,0,0,0,0,0,0,0,0,0,0,0,0,0,0,0,0,0,0,0
oiseaux_de_senegambie_Page_078_3,0,1,0,1,0,1,1,0,0,0,0,0,0,0,0,0,0,0,0,0,0,0,0,0,0,0,0,0,0,0,0,0
oiseaux_de_senegambie_Page_078_4,0,1,1,0,1,0,0,0,0,0,0,0,0,0,0,0,0,0,0,0,0,0,0,0,0,0,0,0,0,0,0,0
oiseaux_de_senegambie_Page_078_5,0,0,1,0,1,1,0,0,0,0,0,0,0,0,0,0,0,0,0,0,0,0,0,0,0,0,0,0,0,0,0,0
oiseaux_de_senegambie_Page_078_6,0,1,1,1,0,1,1,1,1,0,0,1,1,1,0,0,0,0,0,0,0,0,0,1,0,0,1,1,0,0,0,0
oiseaux_de_senegambie_Page_079_1,0,1,1,1,0,1,1,1,1,0,0,0,0,0,0,0,0,0,0,0,0,0,0,0,0,0,0,0,0,0,0,0
oiseaux_de_senegambie_Page_079_2,0,1,0,1,0,1,1,1,1,0,0,1,0,1,1,1,0,0,0,0,0,0,0,0,0,0,0,1,0,0,0,0
oiseaux_de_senegambie_Page_079_3,0,1,1,1,0,1,1,1,1,0,0,0,1,1,1,0,0,0,0,0,0,0,0,0,0,0,0,0,0,0,0,0
oiseaux_de_senegambie_Page_079_4,0,1,1,1,1,1,0,1,0,1,0,1,0,1,1,1,0,1,1,0,0,1,0,1,0,1,1,1,1,0,0,0
oiseaux_de_senegambie_Page_080_1,0,0,0,0,0,0,0,0,0,0,0,0,0,1,0,0,0,0,0,0,0,0,0,0,0,0,0,0,0,0,0,0
oiseaux_de_senegambie_Page_080_2,0,0,0,1,1,1,1,1,1,1,0,1,1,1,1,0,1,1,0,1,1,0,0,0,1,1,0,1,1,1,0,1
oiseaux_de_senegambie_Page_080_3,0,1,0,0,0,1,1,0,0,0,0,0,0,1,0,0,0,0,1,0,0,0,0,0,0,0,0,0,0,0,0,0
oiseaux_de_senegambie_Page_080_4,0,1,0,0,0,0,0,1,0,0,0,0,0,1,0,0,0,0,1,0,0,0,0,0,0,0,0,0,0,0,0,0
oiseaux_de_senegambie_Page_081_1,0,1,1,0,0,0,0,0,0,0,0,0,0,0,0,0,0,0,0,0,0,0,0,0,0,0,0,0,0,1,0,0
oiseaux_de_senegambie_Page_081_2,0,1,1,1,1,1,0,1,1,0,1,1,1,1,1,1,1,1,1,1,0,0,0,1,1,1,1,1,1,1,1,1
oiseaux_de_senegambie_Page_081_3,0,1,1,1,1,1,1,1,1,1,1,1,0,1,1,1,1,0,1,1,0,1,0,1,0,1,1,1,1,1,1,1
oiseaux_de_senegambie_Page_082_1,0,1,1,1,1,1,1,0,1,0,1,0,1,0,1,0,1,1,0,0,0,0,0,0,0,1,0,1,1,1,0,0
oiseaux_de_senegambie_Page_082_2,0,1,1,1,1,1,0,1,1,1,1,1,0,1,1,1,1,0,1,0,0,1,0,1,0,1,0,1,1,0,0,0
oiseaux_de_senegambie_Page_082_3,0,0,1,1,0,1,0,1,0,1,0,1,0,1,0,1,1,1,1,0,0,0,0,1,0,0,0,0,1,1,0,0
oiseaux_de_senegambie_Page_082_4,0,1,1,1,1,1,1,1,1,1,1,1,1,1,1,1,1,1,1,1,0,1,1,1,0,1,1,1,1,1,1,1
oiseaux_de_senegambie_Page_082_5,0,1,1,1,1,1,1,1,1,1,1,1,1,1,1,1,1,1,1,1,1,1,1,1,1,1,1,1,1,1,1,1
oiseaux_de_senegambie_Page_083_1,0,0,0,0,1,1,1,0,1,0,1,0,0,0,1,0,0,0,0,1,0,0,0,0,0,1,0,0,0,0,0,1
oiseaux_de_senegambie_Page_083_2,0,1,0,1,1,1,0,0,1,1,1,0,1,1,1,0,1,1,1,1,1,1,1,1,1,1,1,1,1,1,1,1
oiseaux_de_senegambie_Page_083_3,0,1,1,1,1,1,1,1,1,1,1,1,1,1,1,0,1,1,1,1,0,0,1,1,1,1,1,1,1,1,1,1
oiseaux_de_senegambie_Page_083_4,0,0,0,0,0,1,1,0,0,0,0,0,1,0,1,0,1,0,0,0,0,0,0,0,0,0,0,0,0,1,0,0
oiseaux_de_senegambie_Page_083_5,0,1,1,1,1,1,1,1,1,1,1,1,1,1,1,1,1,1,1,1,1,0,0,1,1,1,1,1,1,1,1,1
oiseaux_de_senegambie_Page_083_6,0,0,0,0,1,1,1,0,1,0,0,0,1,0,1,0,1,0,0,1,1,0,1,0,0,1,0,0,1,1,0,1
oiseaux_de_senegambie_Page_084_1,0,0,0,0,0,0,1,0,0,0,0,0,0,0,0,0,0,0,0,0,0,0,0,0,0,0,0,0,0,0,0,0
oiseaux_de_senegambie_Page_084_2,0,1,1,1,1,1,1,1,1,1,1,1,1,1,1,1,1,1,1,1,1,1,0,1,1,1,1,1,1,1,1,1
oiseaux_de_senegambie_Page_084_3,0,1,0,0,1,1,1,0,1,0,0,0,1,0,0,0,0,0,0,0,0,0,1,0,0,1,0,0,1,0,0,0
oiseaux_de_senegambie_Page_084_4,0,1,1,1,1,1,1,1,1,1,1,1,1,1,1,1,1,1,1,0,1,1,1,1,0,1,0,1,1,1,0,1
oiseaux_de_senegambie_Page_084_5,0,1,0,1,1,1,1,0,1,0,0,0,1,0,1,0,0,0,0,0,1,0,0,0,0,1,0,0,1,0,0,0
oiseaux_de_senegambie_Page_085_1,0,1,1,1,1,1,1,0,1,1,1,0,1,1,1,1,1,1,0,1,0,0,1,1,1,1,0,1,1,1,0,1
oiseaux_de_senegambie_Page_085_2,0,1,1,1,0,1,1,1,1,1,0,1,0,1,1,1,0,0,0,0,1,0,0,0,0,1,0,0,1,0,0,0
oiseaux_de_senegambie_Page_085_3,0,1,0,1,0,1,0,1,1,1,0,1,0,1,1,0,0,0,0,0,0,0,0,0,0,1,0,0,0,0,0,0
oiseaux_de_senegambie_Page_085_4,0,1,1,1,0,1,1,0,0,1,1,0,1,1,1,0,0,1,0,0,1,0,1,0,0,1,0,1,0,1,0,1
oiseaux_de_senegambie_Page_085_5,0,0,0,0,1,1,1,0,1,0,0,0,0,0,0,0,0,0,0,0,0,0,0,0,0,0,0,0,1,0,0,0
oiseaux_de_senegambie_Page_086_1,0,0,0,0,0,1,1,0,0,0,0,0,0,0,0,0,0,0,0,0,0,0,0,0,0,0,0,0,0,0,0,0
oiseaux_de_senegambie_Page_086_2,0,1,1,1,0,1,0,0,0,0,0,0,0,1,0,0,0,0,0,0,0,0,0,0,0,0,0,0,0,0,0,0
oiseaux_de_senegambie_Page_086_3,0,1,0,1,0,1,1,1,1,1,0,0,1,1,1,0,0,1,1,0,0,0,1,0,0,1,0,1,1,1,0,1
oiseaux_de_senegambie_Page_086_4,0,1,0,1,0,1,1,0,1,0,1,0,1,1,1,0,1,1,0,0,0,0,1,0,0,1,0,1,0,1,0,1
oiseaux_de_senegambie_Page_086_5,0,1,1,1,0,1,1,1,0,1,0,1,0,1,1,1,1,0,1,1,0,0,1,0,0,1,0,1,1,0,0,0
oiseaux_de_senegambie_Page_087_1,0,0,0,0,0,1,1,0,0,0,0,0,1,0,0,0,1,0,0,0,0,0,0,0,0,0,0,0,0,0,0,0
oiseaux_de_senegambie_Page_087_2,0,0,0,0,0,1,1,0,0,0,0,0,0,0,0,0,0,0,0,0,0,0,0,0,0,0,0,0,0,0,0,0
oiseaux_de_senegambie_Page_087_3,0,0,0,0,0,0,1,0,0,0,0,0,0,0,0,0,0,0,0,0,0,0,0,0,0,0,0,0,0,0,0,0
oiseaux_de_senegambie_Page_087_4,0,0,0,0,0,1,0,0,0,0,0,0,0,0,1,0,0,0,0,0,0,0,0,0,0,1,0,0,1,1,0,0
oiseaux_de_senegambie_Page_087_5,0,1,1,1,1,1,1,1,1,1,1,1,1,1,1,1,1,1,1,1,1,0,1,1,1,1,1,1,1,1,0,1
oiseaux_de_senegambie_Page_088_1,0,1,0,0,1,1,1,1,1,1,0,0,0,1,0,0,1,0,1,0,1,0,0,1,0,1,0,1,1,0,0,0
oiseaux_de_senegambie_Page_088_2,0,1,0,1,1,1,1,1,1,1,1,0,0,1,1,0,1,1,0,1,1,0,0,0,1,1,0,0,1,1,0,1
oiseaux_de_senegambie_Page_088_3,0,1,0,0,0,0,1,0,0,0,0,0,0,0,0,0,0,0,0,0,0,0,0,0,0,0,0,0,0,0,0,0
oiseaux_de_senegambie_Page_088_4,0,1,0,1,0,1,1,1,1,0,1,1,1,1,1,0,1,1,1,0,0,0,0,0,1,1,0,0,1,1,0,1
oiseaux_de_senegambie_Page_088_5,0,1,0,1,1,1,1,0,0,1,1,0,0,1,1,0,0,0,0,0,1,0,0,0,0,1,0,0,1,0,0,0
oiseaux_de_senegambie_Page_089_1,0,1,0,1,1,1,1,1,1,1,1,1,0,1,1,1,0,1,0,0,1,1,0,0,1,1,0,1,1,1,0,0
oiseaux_de_senegambie_Page_089_2,0,0,0,0,0,0,0,0,1,0,0,0,1,0,1,0,0,0,0,0,0,0,0,0,0,1,0,0,1,0,0,0
oiseaux_de_senegambie_Page_089_3,0,0,0,1,1,1,1,0,0,0,0,0,0,0,0,0,0,0,1,1,0,0,0,0,0,1,0,0,0,0,0,0
oiseaux_de_senegambie_Page_089_4,0,0,0,1,1,1,0,0,1,1,1,0,1,1,1,0,1,1,0,0,1,0,0,1,1,1,0,1,1,1,0,1
oiseaux_de_senegambie_Page_089_5,0,1,0,0,0,0,0,1,0,0,0,0,0,1,0,0,0,0,0,0,0,0,0,0,0,0,0,0,0,0,0,0
oiseaux_de_senegambie_Page_090_1,0,0,0,0,0,1,1,0,1,0,0,0,0,0,0,0,0,0,0,0,0,0,0,0,0,0,0,0,0,0,0,0
oiseaux_de_senegambie_Page_090_2,0,0,0,0,0,0,0,0,0,0,0,0,0,1,0,0,0,0,0,0,0,0,0,0,0,0,0,0,0,0,0,0
oiseaux_de_senegambie_Page_090_3,0,0,1,0,0,0,0,1,0,0,0,0,0,1,0,0,0,0,0,0,0,0,0,0,0,0,0,0,0,0,0,0
oiseaux_de_senegambie_Page_090_4,0,0,0,0,0,1,0,1,1,0,0,0,0,0,0,0,0,0,0,0,0,0,0,0,0,0,0,0,0,0,0,0
oiseaux_de_senegambie_Page_090_5,0,0,0,0,0,0,0,0,0,0,0,0,0,1,0,0,0,0,0,0,0,0,0,0,0,0,0,0,0,0,0,0
oiseaux_de_senegambie_Page_090_6,0,0,0,0,0,0,1,0,0,0,0,0,0,0,1,0,0,0,0,0,0,0,0,0,0,0,0,0,0,0,0,0
oiseaux_de_senegambie_Page_091_1,0,0,0,0,1,0,0,1,0,0,0,0,0,1,0,0,0,0,0,0,0,0,0,0,0,1,0,0,1,0,0,0
oiseaux_de_senegambie_Page_091_2,0,0,0,0,0,0,0,0,0,0,0,0,0,0,1,0,0,0,0,0,0,0,0,0,0,0,0,0,0,0,0,0
oiseaux_de_senegambie_Page_091_3,0,1,1,1,1,1,0,1,1,1,0,0,1,1,1,1,1,1,1,1,1,0,0,1,0,1,0,0,0,0,0,1
oiseaux_de_senegambie_Page_091_4,0,0,0,0,0,0,0,0,1,0,0,0,0,0,0,0,0,0,0,0,0,0,0,0,0,0,0,0,0,0,0,0
oiseaux_de_senegambie_Page_091_5,0,0,1,1,1,1,0,1,1,1,0,0,0,1,1,0,1,1,0,1,1,0,0,1,0,1,0,1,0,1,0,0
oiseaux_de_senegambie_Page_091_6,0,0,0,0,0,0,0,0,0,0,0,0,0,1,0,0,0,0,0,0,0,0,0,0,0,0,0,0,0,0,0,0
oiseaux_de_senegambie_Page_092_1,0,0,0,0,0,1,0,1,1,0,0,0,0,0,0,0,0,0,0,0,0,0,0,0,0,0,0,0,0,0,0,0
oiseaux_de_senegambie_Page_092_2,0,1,1,1,0,1,1,1,1,1,0,1,0,1,0,1,0,1,0,0,0,0,0,0,0,1,0,1,0,0,0,0
oiseaux_de_senegambie_Page_092_3,0,0,0,0,0,0,0,0,0,0,0,0,0,0,1,0,0,0,0,0,1,0,0,0,0,1,0,1,1,0,0,0
oiseaux_de_senegambie_Page_092_4,0,1,1,1,1,1,1,1,1,1,1,1,1,1,1,1,1,1,0,1,1,0,1,0,1,1,0,1,1,1,0,1
oiseaux_de_senegambie_Page_092_5,0,1,1,1,1,1,1,1,1,1,1,0,1,1,1,1,1,1,1,1,1,0,1,1,1,1,1,1,1,1,0,1
oiseaux_de_senegambie_Page_093_1,0,1,0,1,1,1,1,0,1,0,0,0,0,0,1,0,0,0,1,0,1,0,0,0,0,1,0,1,0,0,0,1
oiseaux_de_senegambie_Page_093_2,0,1,1,1,0,1,0,1,0,1,0,1,0,1,0,1,0,1,0,1,0,0,0,1,0,0,0,0,1,0,0,0
oiseaux_de_senegambie_Page_093_3,0,0,0,0,0,1,1,0,1,0,0,0,1,1,1,1,1,0,0,0,1,0,1,1,0,1,0,1,1,1,0,0
oiseaux_de_senegambie_Page_093_4,0,1,1,1,1,1,1,1,1,0,0,1,1,1,1,1,1,0,0,1,1,0,1,1,0,1,0,1,1,1,0,0
oiseaux_de_senegambie_Page_093_5,0,0,0,0,1,1,1,0,1,0,0,0,1,0,0,0,0,0,0,0,0,0,0,0,0,1,0,0,0,0,0,0
oiseaux_de_senegambie_Page_094_1,0,1,0,1,0,1,1,1,1,0,1,0,0,1,0,0,1,0,0,0,0,0,0,0,0,1,0,0,1,1,0,1
oiseaux_de_senegambie_Page_094_2,0,1,0,1,0,1,1,1,1,0,0,0,1,1,1,0,1,0,0,0,1,0,1,0,0,1,0,1,0,0,0,1
oiseaux_de_senegambie_Page_094_3,0,1,0,1,1,1,1,0,1,0,1,0,1,0,1,0,1,0,0,1,0,0,1,0,0,1,0,0,1,1,0,1
oiseaux_de_senegambie_Page_094_4,0,1,1,1,0,1,1,0,1,1,1,1,0,1,1,1,1,1,0,0,0,0,1,0,0,1,0,1,1,1,0,1
oiseaux_de_senegambie_Page_094_5,0,1,1,1,1,1,1,1,1,1,1,1,1,1,1,1,1,1,0,1,1,0,1,0,1,1,0,0,0,1,0,1
oiseaux_de_senegambie_Page_095_1,0,1,1,1,0,1,1,1,1,1,1,0,1,1,1,1,1,1,0,0,1,0,0,0,0,1,0,1,1,1,0,1
oiseaux_de_senegambie_Page_095_2,0,1,1,1,1,1,1,1,1,0,0,1,0,1,1,1,1,0,0,0,1,0,0,0,0,0,0,1,0,0,0,0
oiseaux_de_senegambie_Page_095_3,0,1,0,1,1,1,1,1,1,1,1,0,1,1,1,0,1,0,0,1,0,0,1,0,0,1,0,1,0,0,0,0
oiseaux_de_senegambie_Page_095_4,0,0,1,0,0,1,1,0,1,1,0,1,0,1,1,1,1,1,1,1,1,1,0,1,1,1,1,1,1,0,0,1
oiseaux_de_senegambie_Page_096_1,0,1,0,1,1,1,1,1,1,0,0,0,1,1,1,1,1,0,0,1,1,0,1,1,0,1,0,1,0,1,0,1
oiseaux_de_senegambie_Page_096_2,0,1,0,1,0,1,1,1,1,1,0,1,1,1,0,1,0,1,1,0,1,0,0,1,0,0,0,0,0,0,0,1
oiseaux_de_senegambie_Page_096_3,0,0,0,0,0,0,0,0,0,0,0,0,1,1,1,1,0,0,0,1,1,1,1,1,1,1,0,1,1,1,1,1
oiseaux_de_senegambie_Page_096_4,0,1,1,1,1,1,1,1,1,1,1,1,0,1,1,0,1,0,0,0,0,0,1,0,0,1,0,1,1,1,0,0
oiseaux_de_senegambie_Page_097_1,0,0,0,0,0,1,0,0,1,0,0,1,0,1,1,0,0,0,0,0,0,0,0,0,0,0,0,0,0,0,0,0
oiseaux_de_senegambie_Page_097_2,0,1,0,1,1,1,1,0,1,0,1,0,0,0,1,0,0,0,0,0,1,0,1,0,0,1,0,0,1,0,0,1
oiseaux_de_senegambie_Page_097_3,0,1,1,1,1,1,1,1,1,1,1,1,1,1,1,1,1,1,1,1,1,1,1,1,1,1,1,1,1,1,0,1
oiseaux_de_senegambie_Page_097_4,0,1,1,1,1,1,1,0,1,1,1,1,0,1,1,1,1,1,1,0,1,0,0,0,0,1,0,1,0,1,0,1
oiseaux_de_senegambie_Page_097_5,0,1,0,1,1,1,1,0,1,0,0,0,1,0,1,0,1,0,0,1,1,0,1,0,1,1,0,0,1,1,0,1
oiseaux_de_senegambie_Page_098_1,0,1,0,1,1,1,1,0,1,1,1,0,1,0,1,0,1,1,1,1,1,0,1,0,0,1,0,1,1,1,0,1
oiseaux_de_senegambie_Page_098_2,0,1,1,1,1,1,1,1,1,1,1,1,1,1,1,1,1,1,1,1,0,0,1,1,1,1,1,1,1,1,1,1
oiseaux_de_senegambie_Page_098_3,0,1,1,1,1,1,1,0,1,1,1,1,1,1,1,1,1,1,1,1,0,0,1,1,1,1,1,1,1,1,0,1
oiseaux_de_senegambie_Page_099_1,0,0,1,1,1,1,1,1,1,1,0,0,0,1,1,1,1,1,1,1,0,0,1,1,1,1,1,1,1,1,0,1
oiseaux_de_senegambie_Page_099_2,0,1,1,1,1,1,1,1,1,1,1,1,1,1,1,1,1,1,1,1,1,0,1,1,1,1,1,1,1,1,0,1
oiseaux_de_senegambie_Page_099_3,0,0,0,0,0,0,1,0,0,0,0,0,0,0,0,0,0,0,0,0,0,0,0,0,0,0,0,0,0,0,0,0
oiseaux_de_senegambie_Page_099_4,0,0,0,0,1,1,1,0,1,0,0,0,1,0,0,0,1,0,0,0,0,0,0,0,0,0,0,0,0,0,0,0
oiseaux_de_senegambie_Page_099_5,0,1,1,1,1,1,1,1,1,1,1,1,1,1,1,1,1,1,1,1,1,0,1,1,1,1,1,1,1,1,0,1
oiseaux_de_senegambie_Page_099_6,0,0,0,0,0,0,1,0,0,0,0,0,0,0,0,0,1,0,0,0,0,0,0,0,0,0,0,0,0,0,0,0
oiseaux_de_senegambie_Page_100_1,0,1,1,1,1,1,1,0,1,1,1,1,1,1,1,0,1,1,1,1,1,0,1,1,0,1,1,1,1,1,0,1
oiseaux_de_senegambie_Page_100_2,0,0,0,0,0,0,1,0,0,0,0,0,0,0,0,0,0,0,0,0,0,0,0,0,0,0,0,0,0,0,0,0
oiseaux_de_senegambie_Page_100_3,0,1,0,1,1,1,1,0,1,1,1,0,1,0,1,0,1,1,0,1,1,0,1,0,0,1,0,1,1,1,0,1
oiseaux_de_senegambie_Page_100_4,0,1,1,1,1,1,1,1,1,1,1,1,1,1,1,1,1,1,1,1,1,0,1,1,1,1,0,1,1,1,0,1
oiseaux_de_senegambie_Page_100_5,0,1,0,1,1,1,1,0,1,0,1,0,1,1,1,1,1,0,0,0,1,0,1,0,1,1,0,1,1,1,0,1
oiseaux_de_senegambie_Page_101_1,0,0,0,0,0,0,1,0,0,0,0,0,0,0,0,0,0,0,0,0,0,0,0,0,0,0,0,0,0,0,0,0
oiseaux_de_senegambie_Page_101_2,0,0,0,0,0,1,1,0,1,0,0,0,0,0,0,0,0,0,0,0,0,0,0,0,0,0,0,0,0,1,0,0
oiseaux_de_senegambie_Page_101_3,0,0,0,0,0,1,1,0,0,0,0,0,0,0,1,0,0,0,0,0,0,0,0,0,0,1,0,0,0,0,0,0
oiseaux_de_senegambie_Page_101_4,0,1,0,1,1,1,1,0,1,0,0,0,0,0,0,0,0,0,0,0,0,0,0,0,0,1,0,0,0,1,0,0
oiseaux_de_senegambie_Page_101_5,0,1,0,1,1,1,1,0,1,0,1,0,1,1,1,0,1,1,0,0,1,1,1,0,1,1,0,1,1,1,0,1
oiseaux_de_senegambie_Page_101_6,0,0,0,0,1,0,0,0,0,0,0,0,0,0,0,0,0,0,0,0,0,0,0,0,0,0,0,0,0,0,0,0
oiseaux_de_senegambie_Page_102_1,0,0,0,1,0,1,1,1,0,0,0,0,0,1,0,1,0,0,0,0,0,0,0,1,0,0,0,0,0,0,0,0
oiseaux_de_senegambie_Page_102_2,0,1,1,1,1,1,1,1,1,1,1,1,1,1,1,1,1,1,1,1,1,0,1,1,1,1,0,1,1,1,0,1
oiseaux_de_senegambie_Page_102_3,0,0,0,0,1,1,0,0,1,0,0,0,0,0,1,0,0,0,0,0,0,0,0,0,0,0,0,0,0,0,0,0
oiseaux_de_senegambie_Page_102_4,0,0,0,0,1,1,1,0,0,0,0,0,0,0,0,0,0,0,0,0,0,0,0,0,0,1,0,0,0,0,0,0
oiseaux_de_senegambie_Page_102_5,0,0,0,0,0,1,1,0,1,0,0,0,0,0,0,0,0,0,0,0,0,0,0,0,0,0,0,0,0,0,0,0
oiseaux_de_senegambie_Page_103_1,0,0,0,1,0,1,1,0,1,0,0,0,0,0,1,0,0,0,0,0,1,0,1,0,0,1,0,0,1,1,0,0
oiseaux_de_senegambie_Page_103_2,0,0,1,0,0,1,0,0,0,0,0,0,0,1,1,1,0,0,0,0,0,0,0,0,0,0,0,1,0,0,0,0
oiseaux_de_senegambie_Page_103_3,0,1,1,0,0,0,0,1,0,1,0,1,0,1,0,1,0,1,1,1,0,0,0,1,1,0,1,0,0,0,0,1
oiseaux_de_senegambie_Page_103_4,0,0,0,1,0,1,1,0,1,1,1,0,0,0,1,0,1,1,0,0,1,0,0,0,0,1,0,1,1,1,0,0
oiseaux_de_senegambie_Page_103_5,0,1,1,1,1,1,1,1,1,1,0,1,1,1,1,1,1,1,1,1,0,1,1,1,1,1,0,1,1,1,0,1
oiseaux_de_senegambie_Page_103_6,0,0,0,0,0,0,0,0,0,0,0,0,0,1,0,0,0,0,0,0,0,0,0,0,0,0,1,0,0,0,0,0
oiseaux_de_senegambie_Page_104_1,0,0,0,0,0,1,0,0,0,0,0,0,0,0,0,0,0,0,0,0,0,0,0,0,0,0,0,0,0,0,0,0
oiseaux_de_senegambie_Page_104_2,0,0,0,0,0,1,0,0,1,0,1,0,0,0,1,0,0,1,0,1,1,0,0,0,0,0,0,0,0,1,0,0
oiseaux_de_senegambie_Page_104_3,0,1,0,0,0,0,0,0,0,0,0,0,0,1,0,0,0,0,1,0,0,0,0,0,0,0,0,0,0,0,0,1
oiseaux_de_senegambie_Page_104_4,0,1,1,1,1,1,1,1,0,1,0,1,0,1,0,1,0,0,1,0,0,1,0,1,0,0,1,1,0,0,0,0
oiseaux_de_senegambie_Page_104_5,0,0,0,0,0,0,0,1,0,0,0,0,0,1,0,0,0,0,1,0,0,0,0,0,0,0,0,0,0,0,0,1
oiseaux_de_senegambie_Page_105_1,0,1,1,1,1,1,1,1,1,1,0,1,0,1,0,1,0,0,0,0,0,1,0,1,0,0,1,1,0,0,0,0
oiseaux_de_senegambie_Page_105_2,0,1,1,1,1,1,0,1,1,1,1,1,0,1,1,1,1,1,1,0,1,1,0,1,0,0,1,1,1,1,0,0
oiseaux_de_senegambie_Page_105_3,0,1,1,1,1,1,1,1,1,1,0,1,0,1,1,1,0,0,0,0,0,0,0,0,0,0,0,0,0,0,0,1
oiseaux_de_senegambie_Page_105_4,0,0,0,1,0,0,0,0,0,0,0,0,0,0,0,0,0,0,0,0,0,0,0,0,0,1,0,0,1,1,0,1
oiseaux_de_senegambie_Page_105_5,0,0,0,1,0,1,0,0,1,0,0,0,0,0,0,0,0,0,0,0,0,0,0,1,0,0,1,0,0,1,0,0
oiseaux_de_senegambie_Page_105_6,0,0,0,0,0,0,0,0,0,0,0,0,0,0,1,0,0,0,0,0,0,0,0,0,0,0,0,0,0,0,0,0
oiseaux_de_senegambie_Page_106_1,0,1,0,1,0,1,1,0,1,1,1,0,1,1,1,0,1,1,0,1,0,0,1,0,0,1,1,1,1,1,0,1
oiseaux_de_senegambie_Page_106_2,0,1,1,1,0,1,1,1,1,1,0,1,0,1,1,1,0,0,1,0,1,0,1,0,0,1,0,0,1,1,0,1
oiseaux_de_senegambie_Page_106_3,0,0,0,1,1,1,1,0,1,0,0,0,1,0,1,0,0,0,0,0,1,0,0,0,0,1,0,0,0,1,0,0
oiseaux_de_senegambie_Page_106_4,0,0,0,0,0,0,0,0,0,0,0,0,0,0,0,0,0,0,0,0,0,0,0,0,0,1,0,0,0,0,0,0
oiseaux_de_senegambie_Page_107_1,0,1,1,1,1,1,0,0,1,0,0,0,0,0,1,0,0,0,0,0,0,0,0,0,0,0,0,0,0,1,0,1
oiseaux_de_senegambie_Page_107_2,0,1,0,1,1,1,0,0,1,1,1,0,0,0,0,0,0,0,0,0,0,0,0,0,0,1,0,0,1,0,0,0
oiseaux_de_senegambie_Page_107_3,0,0,1,0,1,1,1,0,1,0,1,0,1,1,1,0,1,1,0,1,0,0,0,0,0,1,0,1,1,1,0,0
oiseaux_de_senegambie_Page_107_4,0,1,1,1,1,1,1,0,1,1,1,1,1,1,1,0,1,0,1,1,1,0,0,0,0,1,0,1,1,1,0,0
oiseaux_de_senegambie_Page_108_1,0,0,0,0,0,1,0,0,1,0,0,0,0,0,1,0,0,0,0,0,1,0,0,0,0,0,0,0,0,0,0,0
oiseaux_de_senegambie_Page_108_2,0,0,0,1,0,0,0,0,0,1,0,0,0,0,0,0,0,0,0,0,1,0,0,0,0,1,0,0,1,1,0,0
oiseaux_de_senegambie_Page_108_3,0,1,0,0,0,0,0,1,1,0,0,0,0,0,0,0,0,0,0,0,0,0,0,0,0,0,0,0,0,0,0,0
oiseaux_de_senegambie_Page_108_4,0,0,0,0,0,0,0,0,0,0,0,0,0,0,0,0,0,0,0,0,0,0,0,0,0,0,0,0,0,1,0,0
oiseaux_de_senegambie_Page_109_1,0,0,0,0,0,1,1,0,1,0,0,0,0,0,0,0,0,0,0,0,0,0,1,0,0,0,0,0,1,0,0,0
oiseaux_de_senegambie_Page_109_2,0,1,0,1,1,1,1,1,1,0,0,0,0,1,1,1,1,0,1,0,1,0,0,1,0,0,0,0,0,0,0,0
oiseaux_de_senegambie_Page_109_3,0,1,1,1,0,1,1,1,1,1,1,1,1,1,1,1,1,0,1,1,1,0,1,0,0,1,0,1,0,1,0,1
oiseaux_de_senegambie_Page_109_4,0,1,0,0,0,1,0,0,0,0,0,0,0,1,0,0,0,0,0,0,0,0,0,0,0,0,0,0,0,0,0,0
oiseaux_de_senegambie_Page_110_1,0,0,0,0,0,1,0,0,0,0,0,0,0,0,0,0,0,0,0,0,1,0,0,0,0,1,0,0,0,1,0,0
oiseaux_de_senegambie_Page_110_2,0,1,1,1,1,1,1,1,1,0,1,1,1,1,1,1,1,0,0,0,0,1,0,1,0,1,1,1,1,1,0,0
oiseaux_de_senegambie_Page_110_3,0,1,1,0,0,1,0,1,1,1,0,0,0,1,1,1,0,1,1,0,0,0,0,1,1,1,1,0,0,1,0,0
oiseaux_de_senegambie_Page_110_4,0,1,0,0,1,1,1,1,1,0,0,1,0,1,1,0,1,0,1,0,1,0,0,0,0,1,0,0,1,0,0,0
oiseaux_de_senegambie_Page_110_5,0,1,0,1,1,1,1,1,1,1,0,1,1,1,1,1,1,0,0,0,1,0,0,0,0,1,0,0,1,1,0,0
oiseaux_de_senegambie_Page_111_1,0,1,0,0,0,1,1,0,1,0,0,1,0,1,1,0,0,0,0,0,1,0,0,0,0,1,0,0,0,0,0,0
oiseaux_de_senegambie_Page_111_2,0,1,0,0,1,1,1,0,1,0,0,0,0,0,1,0,0,0,1,0,1,0,0,0,0,0,0,0,0,0,0,0
oiseaux_de_senegambie_Page_111_3,0,1,0,1,1,1,1,0,1,0,0,0,1,0,1,0,1,0,0,0,1,0,1,0,1,1,0,0,1,1,0,1
oiseaux_de_senegambie_Page_111_4,0,1,1,1,0,1,0,0,1,1,0,0,0,1,1,1,1,1,0,1,1,0,1,0,0,1,0,1,1,1,0,1
oiseaux_de_senegambie_Page_111_5,0,0,0,1,1,1,1,0,1,1,1,0,1,0,1,0,1,1,0,1,1,0,1,0,1,1,1,1,1,1,0,1
oiseaux_de_senegambie_Page_111_6,0,1,1,1,1,1,1,1,1,1,0,1,1,1,1,0,1,1,1,0,1,0,1,1,1,1,0,1,1,1,0,1
oiseaux_de_senegambie_Page_112_1,0,1,0,1,0,1,1,0,1,0,0,0,0,0,0,0,1,0,0,1,0,0,0,0,0,0,0,0,1,1,0,1
oiseaux_de_senegambie_Page_112_2,0,1,1,1,1,1,1,1,1,1,0,1,1,1,1,1,1,1,1,0,1,0,1,1,1,1,0,1,1,1,0,1
oiseaux_de_senegambie_Page_112_3,0,1,0,1,1,1,1,0,1,0,0,0,1,0,1,0,1,1,0,1,1,0,1,0,0,1,0,0,1,1,0,1
oiseaux_de_senegambie_Page_112_4,0,1,0,1,1,1,1,0,1,1,1,1,1,1,1,0,1,1,1,1,1,0,1,1,1,1,0,1,1,1,0,1
oiseaux_de_senegambie_Page_112_5,0,1,0,0,0,1,0,0,0,0,0,0,0,0,0,0,0,0,0,0,0,0,0,0,0,0,0,0,0,0,0,0
oiseaux_de_senegambie_Page_113_1,0,0,1,1,0,1,0,1,1,0,0,1,0,1,0,1,0,0,1,0,0,0,0,0,0,1,1,0,0,0,0,0
oiseaux_de_senegambie_Page_113_2,0,0,0,0,0,1,0,0,1,0,0,0,0,1,0,0,0,0,0,0,0,0,0,0,0,0,0,1,0,0,0,0
oiseaux_de_senegambie_Page_113_3,0,1,1,1,1,1,1,1,1,1,1,1,1,1,1,1,1,1,1,1,0,1,0,1,1,1,1,1,1,1,1,1
oiseaux_de_senegambie_Page_113_4,0,1,1,1,1,1,1,0,1,1,1,0,1,1,1,0,1,1,0,1,1,0,1,0,0,1,0,1,1,1,0,1
oiseaux_de_senegambie_Page_114_1,0,1,0,0,0,1,1,0,0,0,0,0,0,0,0,0,0,0,0,0,0,0,0,0,0,0,0,0,0,0,0,0
oiseaux_de_senegambie_Page_114_2,0,0,1,1,1,1,1,1,1,1,1,1,1,1,1,1,1,1,1,1,1,1,1,1,1,1,1,1,1,1,0,1
oiseaux_de_senegambie_Page_114_3,0,1,0,0,0,0,1,0,0,0,0,0,0,0,0,0,0,0,0,0,0,0,0,1,0,0,0,0,0,1,0,0
oiseaux_de_senegambie_Page_114_4,0,1,0,1,1,1,1,0,1,0,0,0,1,0,0,0,1,0,0,0,0,0,0,0,0,0,0,0,0,0,0,0
oiseaux_de_senegambie_Page_115_1,0,1,0,1,0,1,1,0,1,0,1,0,1,0,1,0,1,0,0,0,1,0,0,0,1,1,0,1,1,0,0,0
oiseaux_de_senegambie_Page_115_2,0,1,1,1,1,1,1,0,1,1,1,1,1,0,1,0,1,1,1,1,1,0,1,1,1,1,1,1,1,1,0,1
oiseaux_de_senegambie_Page_115_3,0,0,0,0,0,1,1,0,1,0,0,0,0,0,1,0,1,0,1,1,0,0,0,0,0,1,0,0,1,1,0,1
oiseaux_de_senegambie_Page_115_4,0,1,1,1,1,1,1,1,1,1,0,1,0,1,0,1,1,1,1,0,0,1,0,1,1,0,1,1,1,0,0,0
oiseaux_de_senegambie_Page_116_1,0,1,0,1,0,1,1,0,0,0,0,0,0,0,0,0,0,0,0,1,0,0,1,0,0,1,0,0,1,1,0,1
oiseaux_de_senegambie_Page_116_2,0,1,1,1,1,1,1,1,1,1,1,1,1,1,1,1,1,1,1,1,1,1,1,1,1,1,1,1,1,1,1,1
oiseaux_de_senegambie_Page_116_3,0,0,0,0,0,1,0,0,0,0,0,0,0,0,0,0,0,0,0,0,0,0,0,0,0,0,0,0,0,0,0,0
oiseaux_de_senegambie_Page_116_4,0,1,1,1,1,1,0,1,1,1,1,1,0,1,0,1,0,1,1,0,1,1,0,1,0,1,1,1,0,0,0,0
oiseaux_de_senegambie_Page_116_5,0,1,1,1,1,1,1,1,1,1,1,1,1,1,1,1,1,1,1,1,1,1,1,1,1,1,0,1,1,1,0,1
oiseaux_de_senegambie_Page_116_6,0,1,1,1,1,1,1,1,1,1,1,0,1,1,1,0,1,0,1,1,1,0,1,1,1,1,0,1,1,1,0,1
oiseaux_de_senegambie_Page_117_1,0,1,0,0,0,1,0,1,0,0,0,0,0,1,0,1,0,0,0,0,0,0,0,1,0,0,0,0,0,0,0,0
oiseaux_de_senegambie_Page_117_2,0,1,1,1,1,1,1,1,1,1,1,0,1,1,1,1,1,1,1,1,1,1,0,1,1,1,1,1,1,1,0,0
oiseaux_de_senegambie_Page_117_3,0,0,0,0,1,1,1,0,1,0,0,0,0,0,0,0,0,0,0,0,0,0,0,0,0,0,0,0,0,1,0,1
oiseaux_de_senegambie_Page_117_4,0,0,0,0,1,1,1,0,1,1,1,0,0,0,0,0,0,0,0,0,0,0,1,0,0,1,0,1,0,0,0,0
oiseaux_de_senegambie_Page_117_5,0,1,1,1,1,1,1,1,1,1,0,1,1,1,1,1,1,1,0,1,1,0,1,0,1,1,0,1,1,1,0,1
oiseaux_de_senegambie_Page_118_1,0,0,0,0,0,0,1,0,0,0,0,0,0,0,0,0,0,0,0,0,0,0,0,0,0,0,0,0,0,0,0,0
oiseaux_de_senegambie_Page_118_2,0,0,0,0,0,1,1,0,1,0,0,0,0,0,0,0,0,0,0,0,0,0,0,0,0,0,0,0,0,0,0,0
oiseaux_de_senegambie_Page_118_3,0,0,0,0,0,0,1,0,0,0,0,0,0,0,0,0,0,0,0,0,0,0,0,0,0,0,0,0,0,0,0,0
oiseaux_de_senegambie_Page_118_4,0,0,0,0,0,1,1,0,0,0,0,0,0,0,0,0,0,0,0,0,0,0,0,0,0,0,0,0,0,0,0,0
oiseaux_de_senegambie_Page_118_5,0,1,0,0,0,1,1,0,1,0,0,0,1,0,1,0,1,0,0,0,0,0,1,0,0,1,0,0,1,1,0,1
oiseaux_de_senegambie_Page_118_6,0,0,0,0,0,1,1,0,0,0,0,0,0,0,0,0,0,0,0,0,0,0,0,0,0,0,0,0,0,0,0,0
oiseaux_de_senegambie_Page_119_1,0,0,0,0,0,1,1,0,0,0,0,0,0,0,0,0,0,0,0,0,0,0,0,0,0,0,0,0,0,0,0,0
oiseaux_de_senegambie_Page_119_2,0,0,0,0,1,1,1,0,0,0,0,0,0,0,0,0,0,0,0,0,0,0,0,0,0,0,0,0,0,0,0,0
oiseaux_de_senegambie_Page_119_3,0,0,0,0,0,1,1,0,0,0,0,0,0,0,0,0,0,0,0,0,0,0,0,0,0,0,0,0,0,0,0,0
oiseaux_de_senegambie_Page_119_4,0,0,0,0,0,0,1,0,0,0,0,0,0,0,0,0,0,0,0,0,0,0,0,0,0,0,0,0,0,0,0,0
oiseaux_de_senegambie_Page_119_5,0,1,1,1,1,1,1,1,1,0,1,0,0,1,1,1,1,0,0,0,1,0,0,0,0,1,0,1,0,0,0,0
oiseaux_de_senegambie_Page_120_1,0,0,0,0,0,0,0,1,0,0,0,0,0,1,0,0,0,0,0,0,0,0,0,0,0,0,0,0,0,0,0,0
oiseaux_de_senegambie_Page_120_2,0,1,1,1,1,1,1,1,1,1,1,1,0,1,1,1,1,1,1,1,0,1,0,1,1,1,1,1,1,1,0,0
oiseaux_de_senegambie_Page_120_3,0,0,1,1,0,1,0,1,0,0,0,1,0,1,0,1,0,1,0,0,0,1,0,1,0,0,1,1,1,0,0,0
oiseaux_de_senegambie_Page_120_4,0,0,0,0,0,1,0,1,0,0,0,0,0,1,0,0,0,0,0,0,0,0,0,0,0,0,0,0,0,0,0,0
oiseaux_de_senegambie_Page_121_1,0,1,1,0,0,0,0,1,0,0,0,0,0,1,0,0,0,0,0,0,0,0,0,0,0,0,0,0,0,1,0,0
oiseaux_de_senegambie_Page_121_2,0,1,0,0,0,0,0,0,0,0,0,0,0,0,0,0,0,0,0,0,1,0,0,0,0,0,0,0,0,0,0,0
oiseaux_de_senegambie_Page_121_3,0,1,0,0,0,0,0,0,0,0,0,0,0,0,0,0,0,0,0,0,0,0,0,0,0,0,0,0,0,1,0,1
oiseaux_de_senegambie_Page_121_4,0,0,0,0,0,0,0,0,0,0,0,0,0,0,0,0,0,0,0,0,0,0,0,0,1,0,0,0,0,1,0,0
oiseaux_de_senegambie_Page_121_5,0,1,1,1,1,1,0,1,1,1,1,1,0,1,0,1,0,1,1,1,0,0,0,1,0,0,0,0,1,0,0,0
oiseaux_de_senegambie_Page_121_6,0,0,0,0,0,0,0,0,0,0,0,0,0,0,0,0,0,0,0,0,0,0,0,0,0,0,0,0,0,1,0,0
oiseaux_de_senegambie_Page_122_1,0,1,0,0,0,1,0,0,0,0,0,0,0,1,1,0,0,0,0,0,0,0,0,0,0,0,0,0,0,1,0,0
oiseaux_de_senegambie_Page_122_2,0,1,0,0,0,1,0,0,1,1,1,0,0,0,1,0,0,0,0,0,0,0,1,0,1,0,0,0,1,1,0,0
oiseaux_de_senegambie_Page_122_3,0,1,0,0,0,1,1,0,0,0,0,0,0,1,0,0,0,0,0,0,0,0,0,0,0,0,0,0,0,1,0,0
oiseaux_de_senegambie_Page_123_1,0,1,1,1,0,0,1,1,0,1,0,1,0,1,0,1,0,1,1,0,0,1,0,1,0,1,1,1,1,0,0,0
oiseaux_de_senegambie_Page_123_2,0,1,1,1,1,1,0,1,1,1,1,1,1,1,1,1,1,1,1,1,0,1,1,0,1,1,0,1,1,1,0,1
oiseaux_de_senegambie_Page_123_3,0,0,0,0,0,0,1,0,0,0,0,0,0,0,0,0,0,0,0,0,0,0,0,0,0,0,0,0,0,0,0,0
oiseaux_de_senegambie_Page_123_4,0,1,1,1,0,1,0,1,0,1,1,1,0,1,0,1,0,1,1,1,0,1,0,1,1,1,0,0,0,0,0,0
oiseaux_de_senegambie_Page_123_5,0,0,0,0,1,1,1,0,1,0,0,0,1,0,1,0,1,0,0,0,0,0,1,0,0,1,0,0,1,1,0,1
oiseaux_de_senegambie_Page_124_1,0,1,0,1,0,1,1,0,1,0,1,0,0,0,1,0,0,1,0,0,0,0,1,0,0,1,0,1,1,1,0,0
oiseaux_de_senegambie_Page_124_2,0,1,1,1,0,1,1,0,1,0,1,0,0,1,1,1,0,0,0,0,0,0,0,0,0,1,0,0,0,0,0,0
oiseaux_de_senegambie_Page_124_3,0,0,0,0,0,0,0,0,0,0,0,0,0,1,0,0,0,0,0,0,0,0,0,0,0,0,0,0,0,0,0,0
oiseaux_de_senegambie_Page_124_4,0,0,0,0,1,1,0,1,0,0,0,0,0,1,1,0,0,0,0,0,0,0,0,0,0,0,0,0,0,0,0,0
oiseaux_de_senegambie_Page_124_5,0,0,0,1,1,1,1,0,1,1,1,0,1,1,1,0,1,1,0,1,1,0,1,0,1,1,0,1,1,1,0,1
oiseaux_de_senegambie_Page_125_1,0,0,0,0,0,0,1,0,0,0,0,0,0,0,0,0,0,0,0,0,0,0,0,0,0,0,0,0,0,0,0,0
oiseaux_de_senegambie_Page_125_2,0,0,0,0,0,0,1,0,0,0,0,0,0,0,0,0,0,0,0,0,0,0,0,0,0,0,0,0,0,0,0,0
oiseaux_de_senegambie_Page_125_3,0,0,0,0,0,1,1,0,1,0,0,0,0,0,0,0,0,0,0,0,0,0,0,0,0,0,0,0,0,0,0,0
oiseaux_de_senegambie_Page_125_4,0,0,0,0,0,0,1,0,0,0,0,0,0,0,0,0,0,0,0,0,0,0,0,0,0,0,0,0,0,0,0,0
oiseaux_de_senegambie_Page_125_5,0,1,1,1,1,1,1,0,1,1,1,0,1,1,1,1,1,1,1,1,1,0,1,1,1,1,0,1,1,1,0,1
oiseaux_de_senegambie_Page_125_6,0,1,1,1,1,1,1,0,1,1,0,0,1,1,1,0,1,0,0,0,0,0,1,0,0,1,0,0,1,1,0,1
oiseaux_de_senegambie_Page_126_1,0,0,0,0,0,0,0,1,0,0,0,0,0,1,0,0,0,0,0,0,0,0,0,0,0,1,0,0,0,0,0,0
oiseaux_de_senegambie_Page_126_2,0,0,0,0,0,0,0,1,0,0,0,0,0,1,0,0,0,0,0,0,0,0,0,0,0,0,0,0,0,0,0,0
oiseaux_de_senegambie_Page_126_3,0,0,0,0,0,1,0,1,0,0,0,0,0,1,0,0,0,0,0,0,0,0,0,0,0,0,0,0,0,0,0,0
oiseaux_de_senegambie_Page_126_4,0,0,0,0,0,0,0,1,0,0,0,0,0,0,0,0,0,0,0,0,0,0,0,0,0,0,0,0,0,0,0,0
oiseaux_de_senegambie_Page_126_5,0,1,0,1,0,1,1,1,1,0,0,1,1,1,0,0,1,0,0,0,0,0,0,0,0,0,0,0,0,1,0,0
oiseaux_de_senegambie_Page_127_1,0,0,0,0,0,1,0,0,0,0,0,0,0,1,1,0,0,0,0,0,0,0,0,0,0,0,0,0,0,0,0,0
oiseaux_de_senegambie_Page_127_2,0,1,0,0,0,1,1,0,1,0,0,0,0,1,1,1,0,0,0,0,0,0,0,0,0,1,0,0,0,0,0,0
oiseaux_de_senegambie_Page_127_3,0,0,0,0,0,1,0,0,0,0,0,0,1,1,0,0,0,0,0,0,0,0,0,0,0,0,0,0,0,0,0,0
oiseaux_de_senegambie_Page_127_4,0,0,1,0,0,0,0,0,0,0,0,0,0,1,0,0,0,0,0,0,0,0,0,0,0,1,0,0,0,0,0,0
oiseaux_de_senegambie_Page_127_5,0,0,0,0,0,1,0,0,0,0,0,0,0,0,0,0,1,0,0,0,0,0,1,0,0,1,0,0,1,1,0,1
oiseaux_de_senegambie_Page_128_1,0,1,1,1,1,1,1,1,1,1,1,1,1,1,1,1,1,0,0,0,1,0,1,0,0,0,0,1,0,0,0,1
oiseaux_de_senegambie_Page_128_2,0,1,1,1,1,1,1,1,1,1,0,1,0,1,1,1,1,1,1,0,1,0,1,1,1,1,0,1,1,1,0,0
oiseaux_de_senegambie_Page_128_3,0,0,1,1,1,1,0,0,0,1,0,0,0,1,0,1,0,0,0,0,0,0,0,0,0,0,0,0,0,0,0,0
oiseaux_de_senegambie_Page_128_4,0,1,0,1,1,1,1,1,1,0,1,0,0,1,1,1,0,0,0,0,0,0,0,0,0,1,0,0,0,1,0,1
oiseaux_de_senegambie_Page_128_5,0,1,0,1,1,1,1,1,1,0,0,1,0,1,1,0,0,0,0,0,0,0,0,1,0,1,0,0,0,0,0,0
oiseaux_de_senegambie_Page_129_1,0,1,1,1,1,1,1,0,1,1,0,0,0,1,0,1,0,1,1,0,0,0,0,0,1,1,0,0,0,0,0,1
oiseaux_de_senegambie_Page_129_2,0,0,0,0,0,0,1,0,0,0,0,0,0,1,0,1,0,0,0,0,0,0,0,0,0,0,0,0,0,0,0,0
oiseaux_de_senegambie_Page_129_3,0,1,1,0,0,1,0,0,0,0,0,0,0,0,0,0,0,0,0,0,0,0,0,0,0,0,0,0,0,0,0,0
oiseaux_de_senegambie_Page_129_4,0,1,1,1,1,1,1,1,1,1,0,1,0,1,1,1,1,1,0,0,0,1,0,1,1,1,1,1,1,0,0,0
oiseaux_de_senegambie_Page_129_5,0,1,1,1,0,1,1,0,1,0,0,1,0,1,1,1,0,0,0,0,0,0,0,0,0,0,0,1,0,0,0,0
oiseaux_de_senegambie_Page_130_1,0,1,1,1,1,1,0,1,1,1,0,1,0,1,0,1,0,1,0,0,0,0,0,1,1,0,1,1,1,0,0,0
oiseaux_de_senegambie_Page_130_2,0,1,0,1,1,1,1,1,1,0,0,0,0,1,1,1,1,1,1,0,1,0,0,0,0,0,0,1,0,0,0,0
oiseaux_de_senegambie_Page_130_3,0,0,0,0,0,1,1,1,0,0,0,0,0,1,0,0,0,0,0,0,0,0,0,0,0,0,0,0,0,0,0,0
oiseaux_de_senegambie_Page_130_4,0,0,0,0,0,1,1,0,1,0,0,0,0,0,1,0,0,0,0,0,1,0,0,0,0,1,0,0,1,1,0,0
oiseaux_de_senegambie_Page_130_5,0,1,0,1,1,1,1,0,1,0,0,0,1,0,1,0,1,0,0,0,0,0,1,0,0,1,0,1,1,0,0,0
oiseaux_de_senegambie_Page_130_6,0,0,0,0,0,1,1,0,0,0,0,0,0,0,0,0,0,0,0,0,0,0,1,0,0,0,0,0,1,0,0,0
oiseaux_de_senegambie_Page_131_1,0,1,0,1,1,1,1,0,1,0,0,0,0,1,1,0,1,0,0,0,1,0,0,0,0,1,0,0,0,0,0,0
oiseaux_de_senegambie_Page_131_2,0,0,0,0,0,1,0,0,1,0,0,0,0,0,1,0,0,0,0,0,0,0,0,0,0,0,0,1,1,1,0,1
oiseaux_de_senegambie_Page_131_3,0,1,0,0,0,1,0,0,1,0,0,0,0,0,1,0,0,0,0,1,0,0,0,0,0,0,0,0,0,0,0,0
oiseaux_de_senegambie_Page_131_4,0,0,0,0,1,1,1,0,1,0,0,0,0,0,1,0,0,0,0,0,0,0,1,0,0,1,0,0,0,1,0,0
oiseaux_de_senegambie_Page_131_5,0,1,0,1,0,1,0,0,0,0,1,0,0,0,1,0,0,0,0,0,0,0,1,0,0,1,0,0,0,1,0,0
oiseaux_de_senegambie_Page_131_6,0,1,0,1,0,1,1,1,1,0,0,1,0,1,1,1,1,1,0,0,1,0,1,0,0,1,0,1,0,0,0,0
oiseaux_de_senegambie_Page_132_1,0,0,0,0,0,0,1,0,0,0,0,0,0,0,0,0,0,0,0,0,0,0,0,0,0,0,0,0,0,0,0,0
oiseaux_de_senegambie_Page_132_2,0,1,1,0,0,0,0,0,0,1,0,1,0,1,0,0,0,1,0,0,0,0,0,0,0,0,0,0,0,0,0,0
oiseaux_de_senegambie_Page_132_3,0,0,1,0,0,0,0,0,0,0,0,0,0,1,0,1,0,0,1,0,0,1,0,1,1,0,0,0,0,0,0,0
oiseaux_de_senegambie_Page_132_4,0,0,0,0,1,1,0,0,1,0,1,0,0,0,1,0,0,0,0,0,1,0,1,0,0,1,0,0,1,0,0,0
oiseaux_de_senegambie_Page_132_5,0,1,1,1,1,1,1,1,1,1,0,1,1,1,1,1,1,1,1,1,1,0,1,1,1,1,0,1,1,1,0,1
oiseaux_de_senegambie_Page_132_6,0,0,0,0,0,1,0,0,0,0,0,0,0,0,0,0,0,0,0,0,0,0,0,0,0,0,0,0,0,0,0,0
oiseaux_de_senegambie_Page_133_1,0,0,0,0,0,1,0,0,0,0,0,0,0,0,0,0,0,0,0,0,0,0,0,0,0,1,0,0,0,0,0,0
oiseaux_de_senegambie_Page_133_2,0,0,0,0,0,1,1,0,1,0,0,0,0,0,1,0,1,0,0,0,1,0,1,0,0,1,0,0,0,1,0,1
oiseaux_de_senegambie_Page_133_3,0,0,1,1,0,0,0,1,0,1,0,0,0,1,0,1,0,0,0,0,0,0,0,1,0,0,0,1,0,0,0,0
oiseaux_de_senegambie_Page_133_4,0,1,1,1,1,1,1,1,1,1,1,1,1,1,1,1,1,1,1,1,1,1,0,1,1,1,0,1,1,1,0,1
oiseaux_de_senegambie_Page_133_5,0,1,1,1,1,1,1,0,1,1,1,0,1,1,1,0,1,1,0,1,1,0,1,1,1,1,0,1,1,1,0,1
oiseaux_de_senegambie_Page_133_6,0,0,0,0,0,0,1,0,0,0,0,0,0,0,0,0,0,0,0,0,0,0,0,0,0,0,0,0,0,0,0,0
oiseaux_de_senegambie_Page_134_1,0,0,0,0,0,1,0,0,0,0,0,0,0,0,1,0,0,0,0,0,0,0,0,0,0,0,0,0,0,0,0,0
oiseaux_de_senegambie_Page_134_2,0,1,1,1,1,1,1,1,1,0,0,1,0,1,1,1,1,1,0,0,0,0,1,1,1,1,0,1,1,1,0,1
oiseaux_de_senegambie_Page_134_3,0,0,0,0,0,1,1,0,0,0,0,0,0,0,0,0,0,0,0,0,0,0,0,0,0,0,0,0,0,0,0,0
oiseaux_de_senegambie_Page_134_4,0,1,1,1,1,1,1,1,1,1,0,0,0,1,1,1,1,0,1,0,1,0,0,0,0,0,0,0,0,1,0,0
oiseaux_de_senegambie_Page_134_5,0,0,0,0,0,1,1,0,0,0,0,0,1,1,1,0,1,0,0,0,1,0,1,0,0,1,0,0,1,1,0,0
oiseaux_de_senegambie_Page_135_1,0,1,1,1,1,1,1,1,1,0,1,1,0,1,1,1,1,0,0,1,0,0,0,0,0,1,0,0,0,1,0,1
oiseaux_de_senegambie_Page_135_2,0,0,0,0,0,1,1,0,1,0,0,0,0,0,1,0,1,0,0,0,0,0,0,0,0,1,0,0,0,1,0,1
oiseaux_de_senegambie_Page_135_3,0,0,0,0,0,1,1,0,0,0,0,0,0,0,0,0,0,0,0,0,0,0,0,0,0,0,0,0,0,0,0,0
oiseaux_de_senegambie_Page_135_4,0,1,0,1,1,1,1,0,1,0,0,0,1,0,1,0,1,0,0,0,1,0,1,0,0,1,0,0,1,1,0,1
oiseaux_de_senegambie_Page_135_5,0,0,0,0,1,1,1,0,1,0,1,0,0,0,1,0,0,0,0,0,1,0,1,0,0,0,0,0,0,1,0,1
oiseaux_de_senegambie_Page_136_1,0,0,0,0,0,1,0,0,0,0,0,0,0,0,0,0,0,0,0,0,0,0,0,0,0,0,0,0,0,0,0,0
oiseaux_de_senegambie_Page_136_2,0,1,1,1,0,1,1,1,1,1,0,1,0,1,0,0,1,1,1,1,0,0,1,0,1,1,0,1,1,1,0,1
oiseaux_de_senegambie_Page_136_3,0,0,0,0,1,1,1,0,1,0,1,0,1,0,1,0,1,0,0,0,0,0,0,0,0,1,0,0,1,1,0,1
oiseaux_de_senegambie_Page_136_4,0,0,0,0,1,1,1,0,1,0,0,0,1,0,1,0,1,0,0,0,0,0,1,0,0,1,0,0,1,1,0,1
oiseaux_de_senegambie_Page_136_5,0,0,0,0,0,1,1,0,1,0,0,0,1,0,1,0,1,0,0,0,1,0,1,0,0,1,0,0,1,1,0,1
oiseaux_de_senegambie_Page_136_6,0,0,0,0,0,1,1,0,1,0,0,0,1,0,1,0,1,0,0,0,1,0,0,0,0,1,0,0,0,0,0,0
oiseaux_de_senegambie_Page_137_1,0,1,0,1,1,1,1,0,1,1,1,0,1,1,1,0,1,1,0,0,0,0,1,0,0,1,0,1,1,1,1,1
oiseaux_de_senegambie_Page_137_2,0,0,0,0,1,1,1,0,1,0,0,0,0,0,1,0,1,0,0,1,0,0,1,0,1,1,0,0,1,1,0,1
oiseaux_de_senegambie_Page_137_3,0,0,0,0,0,0,0,0,0,0,0,0,0,1,0,0,0,1,0,0,0,0,0,1,0,0,0,1,0,0,0,0
oiseaux_de_senegambie_Page_137_4,0,1,0,1,0,1,0,1,1,0,0,0,0,0,1,1,0,0,0,0,0,0,1,0,0,0,0,1,1,0,0,0
oiseaux_de_senegambie_Page_137_5,0,0,0,0,1,1,1,0,1,0,0,0,0,0,0,0,0,0,0,0,0,0,0,0,0,0,0,0,0,0,0,0
oiseaux_de_senegambie_Page_137_6,0,0,0,0,0,1,0,0,1,0,0,0,0,0,0,0,0,0,0,0,0,0,0,0,0,1,0,0,0,0,0,0
oiseaux_de_senegambie_Page_138_1,0,1,0,0,1,1,1,0,1,0,0,0,0,0,0,0,0,0,0,0,0,0,0,0,0,0,0,0,0,0,0,1
oiseaux_de_senegambie_Page_138_2,0,0,0,1,1,1,1,0,1,0,1,0,1,0,1,0,1,0,0,0,0,0,0,0,0,1,0,0,0,1,0,0
oiseaux_de_senegambie_Page_138_3,0,1,0,1,0,0,1,0,0,0,0,0,0,0,0,0,0,0,0,0,0,0,0,0,0,1,0,0,0,1,0,0
oiseaux_de_senegambie_Page_138_4,0,1,0,1,1,1,1,1,1,1,1,0,1,1,1,1,1,1,1,1,1,1,0,1,1,1,0,0,1,1,0,1
oiseaux_de_senegambie_Page_138_5,0,1,0,0,1,1,1,0,1,0,0,0,1,0,0,0,0,0,0,0,0,0,0,0,0,0,0,0,1,1,0,0
oiseaux_de_senegambie_Page_138_6,0,1,1,1,1,1,1,1,1,1,1,0,1,1,1,0,1,1,0,1,0,0,1,0,1,1,0,1,1,1,0,1
oiseaux_de_senegambie_Page_139_1,0,0,0,1,1,0,1,0,0,0,0,0,0,0,0,0,0,0,0,0,0,0,0,0,0,1,0,0,0,0,0,0
oiseaux_de_senegambie_Page_139_2,0,1,1,1,1,1,1,0,1,0,0,0,1,0,1,0,1,0,0,0,0,0,0,0,0,0,0,1,0,1,0,0
oiseaux_de_senegambie_Page_139_3,0,1,0,1,1,1,1,0,1,0,0,0,0,0,1,0,0,0,0,0,1,0,0,0,0,0,0,0,0,0,0,0
oiseaux_de_senegambie_Page_139_4,0,1,0,1,1,1,1,0,0,0,0,0,0,0,0,0,0,0,0,0,0,0,1,0,0,1,0,1,0,0,0,0
oiseaux_de_senegambie_Page_139_5,0,1,1,1,1,1,1,0,1,1,0,1,1,1,1,1,1,1,0,1,1,0,1,1,1,1,1,1,1,1,0,1
oiseaux_de_senegambie_Page_139_6,0,1,0,0,1,1,1,0,1,0,1,0,1,0,0,0,1,0,0,1,0,0,1,0,0,1,0,1,1,1,0,1
oiseaux_de_senegambie_Page_140_1,0,0,0,0,0,0,0,1,0,0,0,0,0,0,0,0,0,0,0,0,0,0,0,0,0,0,0,0,0,0,0,0
oiseaux_de_senegambie_Page_140_2,0,0,0,1,0,1,0,0,1,0,1,0,0,1,0,0,0,0,1,0,0,1,0,0,0,0,0,1,0,1,0,0
oiseaux_de_senegambie_Page_140_3,0,0,0,0,0,0,0,0,0,0,0,0,0,0,0,0,0,0,0,0,0,0,0,0,0,0,0,1,0,0,0,0
oiseaux_de_senegambie_Page_140_4,0,0,0,0,0,1,1,0,0,1,1,0,0,0,1,0,0,1,1,0,0,1,1,0,1,1,0,1,1,1,0,1
oiseaux_de_senegambie_Page_140_5,0,1,0,1,0,1,1,0,1,0,0,0,0,1,1,1,0,0,1,0,0,0,0,0,0,1,0,1,1,1,0,1
oiseaux_de_senegambie_Page_141_1,0,1,1,1,1,1,1,0,1,1,1,1,0,1,1,0,1,1,1,1,1,0,1,0,1,1,0,1,1,1,0,1
oiseaux_de_senegambie_Page_141_2,0,1,1,1,1,1,0,1,1,1,1,1,0,1,1,1,0,1,1,1,0,0,0,1,0,1,0,1,0,0,0,0
oiseaux_de_senegambie_Page_141_3,0,1,0,0,0,1,0,0,0,0,0,0,0,0,0,0,0,0,0,0,0,0,0,0,0,0,0,0,0,0,0,0
oiseaux_de_senegambie_Page_141_4,0,0,0,0,0,0,1,0,0,0,0,0,0,0,0,0,0,0,0,0,0,0,0,0,0,0,0,0,0,0,0,0
oiseaux_de_senegambie_Page_141_5,0,0,0,0,0,0,0,0,0,0,0,0,0,1,0,0,0,0,0,0,0,0,0,0,0,0,0,0,0,0,0,0
oiseaux_de_senegambie_Page_141_6,0,1,1,1,0,0,1,1,0,1,1,1,0,1,0,1,0,0,0,0,0,1,1,1,0,1,0,1,1,1,0,1
oiseaux_de_senegambie_Page_142_1,0,1,1,1,0,1,0,1,0,1,1,1,0,1,1,1,1,1,1,1,0,0,0,1,0,1,0,1,1,0,0,1
oiseaux_de_senegambie_Page_142_2,0,0,0,0,0,1,1,0,1,1,1,0,0,0,0,0,0,0,0,0,0,0,0,0,0,1,0,0,0,0,0,0
oiseaux_de_senegambie_Page_142_3,0,1,1,1,1,1,1,1,1,1,1,1,1,1,1,0,1,1,1,1,1,0,1,0,1,1,0,1,1,1,0,0
oiseaux_de_senegambie_Page_142_4,0,0,0,0,0,1,0,0,0,0,0,0,0,0,1,0,0,0,0,0,0,0,0,0,0,0,0,0,0,0,0,0
oiseaux_de_senegambie_Page_143_1,0,0,0,0,0,0,1,0,0,0,0,0,0,0,0,0,0,0,0,0,0,0,0,0,0,0,0,0,0,0,0,0
oiseaux_de_senegambie_Page_143_2,0,1,1,1,0,1,1,1,1,0,0,1,0,1,1,1,0,1,0,1,0,0,0,0,0,1,0,1,1,1,0,0
oiseaux_de_senegambie_Page_143_3,0,0,0,0,0,1,1,0,0,0,0,0,0,0,0,0,0,0,0,0,0,0,0,0,0,0,0,0,0,0,0,0
oiseaux_de_senegambie_Page_143_4,0,1,1,0,1,1,1,0,0,0,0,0,1,0,1,0,1,0,0,0,0,0,0,0,0,1,0,0,1,1,0,0
oiseaux_de_senegambie_Page_143_5,0,0,0,0,0,1,0,0,0,0,1,0,0,0,0,0,1,0,0,0,0,0,1,0,0,1,0,0,1,1,0,0
oiseaux_de_senegambie_Page_144_1,0,0,0,0,0,1,1,0,1,0,0,0,0,0,0,0,1,0,0,0,0,0,0,0,0,1,0,0,0,1,0,0
oiseaux_de_senegambie_Page_144_2,0,1,1,1,0,1,1,1,0,0,0,1,0,1,0,1,0,0,1,0,1,1,0,1,0,0,0,1,1,0,0,0
oiseaux_de_senegambie_Page_144_3,0,0,0,0,0,0,0,0,0,0,0,0,0,0,1,0,0,0,0,0,0,0,0,0,0,0,0,0,0,0,0,0
oiseaux_de_senegambie_Page_144_4,0,0,0,1,1,1,1,0,1,0,0,0,0,1,1,1,0,0,0,0,1,0,0,0,0,1,0,0,0,1,0,0
oiseaux_de_senegambie_Page_144_5,0,1,0,1,1,1,0,0,1,0,0,0,0,0,1,0,0,1,0,1,1,0,1,0,0,1,0,0,0,1,0,0
oiseaux_de_senegambie_Page_145_1,0,0,0,0,0,1,0,0,0,0,0,0,0,0,0,0,0,0,0,0,0,0,0,0,0,0,0,0,0,0,0,0
oiseaux_de_senegambie_Page_145_2,0,1,0,0,0,1,1,0,0,0,0,0,0,0,0,0,0,0,0,0,0,0,1,0,0,1,0,0,1,1,0,0
oiseaux_de_senegambie_Page_145_3,0,1,1,1,1,1,0,0,1,1,1,0,1,1,1,1,1,1,0,1,1,0,1,1,0,1,0,1,0,1,0,1
oiseaux_de_senegambie_Page_145_4,0,0,0,1,0,1,1,0,0,0,1,0,0,0,1,0,0,0,0,1,1,0,1,0,0,1,0,1,0,1,0,1
oiseaux_de_senegambie_Page_145_5,0,1,1,1,1,1,1,1,1,1,1,1,1,1,1,1,1,1,1,1,1,1,0,1,1,1,1,1,1,0,0,0
oiseaux_de_senegambie_Page_145_6,0,1,1,1,0,1,0,1,0,1,0,0,0,1,0,1,0,0,0,0,0,0,0,0,0,0,0,0,0,0,0,0
oiseaux_de_senegambie_Page_146_1,0,1,1,1,1,1,1,1,0,1,0,1,0,1,0,1,0,1,1,1,0,1,0,1,1,0,1,1,0,0,0,0
oiseaux_de_senegambie_Page_146_2,0,1,1,1,1,1,1,1,1,1,1,1,1,1,1,1,1,1,1,1,1,0,1,1,1,1,1,1,1,1,0,1
oiseaux_de_senegambie_Page_146_3,0,0,0,0,0,0,0,0,0,0,0,0,0,1,0,0,0,0,0,0,0,0,0,0,0,0,0,0,0,0,0,0
oiseaux_de_senegambie_Page_146_4,0,1,1,1,0,1,1,0,0,1,1,1,0,1,0,1,0,1,1,1,0,1,0,1,0,0,1,1,0,0,0,0
oiseaux_de_senegambie_Page_146_5,0,1,0,1,1,1,1,0,1,1,1,0,0,1,1,0,1,1,1,1,1,0,1,1,1,1,0,1,1,1,0,1
oiseaux_de_senegambie_Page_146_6,0,1,1,1,1,1,1,0,1,0,1,0,0,1,1,1,1,0,0,0,1,0,1,0,1,1,0,1,1,1,0,0
oiseaux_de_senegambie_Page_147_1,0,1,1,1,1,1,1,1,1,1,1,1,1,1,1,1,1,1,1,1,0,0,1,1,1,1,1,1,1,1,1,1
oiseaux_de_senegambie_Page_147_2,0,0,0,0,0,1,1,0,0,0,0,0,0,0,1,0,0,0,0,0,0,0,1,0,0,1,0,0,0,0,0,0
oiseaux_de_senegambie_Page_147_3,0,1,1,1,0,1,0,1,1,1,0,1,0,1,1,1,1,1,0,0,1,0,1,0,0,1,0,1,1,1,0,1
oiseaux_de_senegambie_Page_147_4,0,0,0,0,0,0,0,0,0,0,0,0,0,0,0,0,0,0,0,0,0,0,0,0,0,0,0,0,0,1,0,0
oiseaux_de_senegambie_Page_148_1,0,0,0,0,0,1,1,0,0,0,0,0,0,0,0,0,0,0,0,0,0,0,0,0,0,0,0,0,0,0,0,0
oiseaux_de_senegambie_Page_148_2,0,0,0,0,0,1,1,0,0,0,0,0,0,0,1,0,0,0,0,0,0,0,0,0,0,1,0,0,0,0,0,0
oiseaux_de_senegambie_Page_148_3,0,0,0,0,0,1,1,0,0,0,0,0,0,0,0,0,1,0,0,0,0,0,0,0,0,0,0,0,0,0,0,0
oiseaux_de_senegambie_Page_148_4,0,0,0,0,0,1,0,0,0,0,0,0,0,0,0,0,0,0,0,0,0,0,0,0,0,0,0,0,0,0,0,0
oiseaux_de_senegambie_Page_148_5,0,1,1,1,0,1,1,1,1,1,1,1,1,1,1,1,1,1,1,0,1,0,0,1,1,1,1,1,0,1,0,1
oiseaux_de_senegambie_Page_148_6,0,1,0,1,0,1,0,1,1,1,1,1,0,1,1,0,0,1,1,1,0,0,0,1,1,0,1,1,1,0,0,0
oiseaux_de_senegambie_Page_149_1,0,0,0,0,1,1,0,0,0,0,1,0,0,0,1,0,0,0,0,0,1,0,1,0,0,1,0,1,1,1,0,1
oiseaux_de_senegambie_Page_149_2,0,1,1,0,0,1,1,0,1,0,1,0,0,0,1,0,1,0,0,0,0,0,0,0,0,1,0,0,1,1,0,0
oiseaux_de_senegambie_Page_149_3,0,1,0,1,0,1,1,1,1,0,1,0,0,1,1,0,0,0,1,0,0,0,0,1,0,1,0,1,1,1,0,0
oiseaux_de_senegambie_Page_149_4,0,1,0,1,1,1,1,1,1,0,1,0,1,0,1,0,1,1,0,1,0,0,1,0,0,1,0,0,1,1,0,1
oiseaux_de_senegambie_Page_149_5,0,1,1,1,1,1,1,1,1,1,1,1,1,1,1,1,1,1,1,1,1,0,1,1,1,1,1,1,1,1,0,1
oiseaux_de_senegambie_Page_149_6,0,0,0,0,1,1,0,0,1,0,1,0,0,0,1,0,0,0,0,0,1,0,0,0,0,1,0,1,1,1,0,1
oiseaux_de_senegambie_Page_150_1,0,0,0,0,0,0,1,0,0,0,0,0,0,0,0,0,0,0,0,0,0,0,0,0,0,0,0,1,0,0,0,0
oiseaux_de_senegambie_Page_150_2,0,0,0,0,0,1,1,0,0,0,0,0,1,0,1,0,0,0,0,0,1,0,0,0,0,1,0,1,0,1,0,0
oiseaux_de_senegambie_Page_150_3,0,1,1,1,1,1,1,1,1,1,1,1,1,1,1,1,1,1,1,1,1,1,1,1,1,1,1,1,1,1,0,1
oiseaux_de_senegambie_Page_150_4,0,1,0,0,1,1,0,1,0,0,0,0,0,1,0,0,0,0,0,0,0,0,0,0,0,1,0,0,0,1,0,0
oiseaux_de_senegambie_Page_150_5,0,0,0,0,0,0,0,0,0,0,0,0,0,0,0,0,0,0,0,0,0,0,0,0,0,0,0,0,1,1,0,1
oiseaux_de_senegambie_Page_150_6,0,1,0,1,0,1,1,1,1,0,1,0,0,1,1,1,0,0,0,0,1,0,0,0,0,1,0,0,0,1,0,0
oiseaux_de_senegambie_Page_151_1,0,0,0,0,0,1,1,0,0,0,0,0,0,0,0,0,0,0,0,0,0,0,0,0,0,1,0,0,1,1,0,0
oiseaux_de_senegambie_Page_151_2,0,1,1,1,1,1,1,1,0,0,0,1,0,1,1,1,0,1,1,1,0,1,0,1,0,0,1,0,0,0,0,0
oiseaux_de_senegambie_Page_151_3,0,0,0,0,0,0,1,0,0,0,0,0,0,0,0,0,0,0,0,0,0,0,0,0,0,0,0,0,0,0,0,0
oiseaux_de_senegambie_Page_151_4,0,1,1,1,1,1,1,0,1,1,0,1,1,0,1,0,1,0,0,0,1,0,1,0,0,1,0,0,1,1,0,0