map_index,original_name,corrected_name,family,doubtful,identified_by_sight,spp,has_map,map
1,Struthio camelus,,Struthionidae,FALSE,FALSE,FALSE,TRUE,oiseaux_de_senegambie_Page_031_1
2,Podiceps ruficollis,,Podicipedidae,FALSE,FALSE,FALSE,TRUE,oiseaux_de_senegambie_Page_031_2
3,Podiceps nigricollis,,Podicipedidae,FALSE,TRUE,FALSE,TRUE,oiseaux_de_senegambie_Page_031_3
4,Podiceps cristatus,,Podicipedidae,FALSE,TRUE,FALSE,TRUE,oiseaux_de_senegambie_Page_031_4
5,Procellaria diomedea,,Procellariidae,FALSE,TRUE,FALSE,FALSE,
6,Procellaria gravis,,Procellariidae,FALSE,FALSE,FALSE,FALSE,
7,Procellaria grisea,,Procellariidae,FALSE,TRUE,FALSE,FALSE,
8,Procellaria puffinus,,Procellariidae,FALSE,TRUE,FALSE,FALSE,
9,Procellaria assimilis,puffinus boydi,Procellariidae,FALSE,TRUE,FALSE,FALSE,
10,Bulweria bulwerii,,Procellariidae,FALSE,TRUE,FALSE,FALSE,
11,Oceanites oceanicus,,Hydrobatidae,FALSE,FALSE,FALSE,FALSE,
12,Oceanites marinus,Pelagodroma marina,Hydrobatidae,FALSE,TRUE,FALSE,FALSE,
13,Hydrobates pelagicus,,Hydrobatidae,FALSE,TRUE,FALSE,FALSE,
14,Hydrobates castro,,Hydrobatidae,FALSE,TRUE,FALSE,FALSE,
15,Hydrobates leucorhoa,,Hydrobatidae,FALSE,TRUE,FALSE,FALSE,
16,Phaethon aethereus,,Phaethontidae,FALSE,TRUE,FALSE,TRUE,oiseaux_de_senegambie_Page_033_1
17,Pelecanus onocrotalus,,Pelecanidae,FALSE,FALSE,FALSE,TRUE,oiseaux_de_senegambie_Page_033_2
18,Pelecanus rufescens,,Pelecanidae,FALSE,FALSE,FALSE,TRUE,oiseaux_de_senegambie_Page_033_3
19,Sula bassana,,Sulidae,FALSE,FALSE,FALSE,FALSE,
20,Sula leucogaster,,Sulidae,FALSE,FALSE,FALSE,FALSE,
21,Phalacrocorax carbo,,Phalacrocoracidae,FALSE,FALSE,FALSE,TRUE,oiseaux_de_senegambie_Page_034_1
22,Phalacrocorax africanus,,Phalacrocoracidae,FALSE,FALSE,FALSE,TRUE,oiseaux_de_senegambie_Page_034_2
23,Anhinga rufa,,Anhingidae,FALSE,FALSE,FALSE,TRUE,oiseaux_de_senegambie_Page_034_3
24,Fregata magnificens,,Fregatidae,FALSE,TRUE,FALSE,FALSE,
25,Botaurus stellaris,,Ardeidae,FALSE,TRUE,FALSE,TRUE,oiseaux_de_senegambie_Page_034_4
26,Ixobrychus minutus,,Ardeidae,FALSE,FALSE,TRUE,TRUE,oiseaux_de_senegambie_Page_035_1
27,Ixobrychus sturmii,,Ardeidae,FALSE,FALSE,FALSE,TRUE,oiseaux_de_senegambie_Page_035_2
28,Tigriornis leucolophus,,Ardeidae,FALSE,FALSE,FALSE,TRUE,oiseaux_de_senegambie_Page_035_3
29,Nycticorax nycticorax,,Ardeidae,FALSE,FALSE,FALSE,TRUE,oiseaux_de_senegambie_Page_035_4
30,Nycticorax leuconotus,,Ardeidae,FALSE,FALSE,FALSE,TRUE,oiseaux_de_senegambie_Page_036_1
31,Ardeola ralloides,,Ardeidae,FALSE,FALSE,FALSE,TRUE,oiseaux_de_senegambie_Page_036_2
32,Ardeala ibis,,Ardeidae,FALSE,FALSE,FALSE,TRUE,oiseaux_de_senegambie_Page_036_3
33,Butorides striatus,,Ardeidae,FALSE,FALSE,FALSE,TRUE,oiseaux_de_senegambie_Page_036_4
34,Egretta ardesiaca,,Ardeidae,FALSE,FALSE,FALSE,TRUE,oiseaux_de_senegambie_Page_036_5
35,Egretta alba,,Ardeidae,FALSE,FALSE,FALSE,TRUE,oiseaux_de_senegambie_Page_037_1
36,Egretta intermedia,Egretta brachyrhyncha,Ardeidae,FALSE,FALSE,FALSE,TRUE,oiseaux_de_senegambie_Page_037_2
37,Egretta garzetta,,Ardeidae,FALSE,FALSE,FALSE,TRUE,oiseaux_de_senegambie_Page_037_3
38,Egretta garzetta gularis,Egretta gularis,Ardeidae,FALSE,FALSE,FALSE,TRUE,oiseaux_de_senegambie_Page_037_4
39,Ardea cinerea,,Ardeidae,FALSE,FALSE,FALSE,TRUE,oiseaux_de_senegambie_Page_037_5
40,Ardea melanocephala,,Ardeidae,FALSE,FALSE,FALSE,TRUE,oiseaux_de_senegambie_Page_038_1
41,Ardea goliath,,Ardeidae,FALSE,TRUE,FALSE,TRUE,oiseaux_de_senegambie_Page_038_2
42,Ardea purpurea,,Ardeidae,FALSE,FALSE,FALSE,TRUE,oiseaux_de_senegambie_Page_038_3
43,Scopus umbretta,,Scopidae,FALSE,FALSE,FALSE,TRUE,oiseaux_de_senegambie_Page_038_4
44,Ciconia ciconia,,Ciconiidae,FALSE,FALSE,FALSE,TRUE,oiseaux_de_senegambie_Page_039_1
45,Ciconia nigra,,Ciconiidae,FALSE,TRUE,FALSE,TRUE,oiseaux_de_senegambie_Page_039_2
46,Ciconia abdimii,,Ciconiidae,FALSE,FALSE,FALSE,TRUE,oiseaux_de_senegambie_Page_039_3
47,Ciconia episcopus,Ciconia microscelis,Ciconiidae,FALSE,TRUE,FALSE,TRUE,oiseaux_de_senegambie_Page_039_4
48,Ephippiorhynchus senegalensis,,Ciconiidae,FALSE,FALSE,FALSE,TRUE,oiseaux_de_senegambie_Page_039_5
49,Anastomus lamelligerus,,Ciconiidae,FALSE,TRUE,FALSE,TRUE,oiseaux_de_senegambie_Page_040_1
50,Leptoptilos crurneniferus,,Ciconiidae,FALSE,TRUE,FALSE,TRUE,oiseaux_de_senegambie_Page_040_2
51,Ibis ibis,,Ciconiidae,FALSE,FALSE,FALSE,TRUE,oiseaux_de_senegambie_Page_040_3
52,Threskiornis aethiopica,,Threskiornithidae,FALSE,FALSE,FALSE,TRUE,oiseaux_de_senegambie_Page_040_4
53,Geronticus eremita,,Threskiornithidae,FALSE,FALSE,FALSE,TRUE,oiseaux_de_senegambie_Page_040_5
54,Bostrychia hagedash,,Threskiornithidae,FALSE,FALSE,FALSE,TRUE,oiseaux_de_senegambie_Page_041_1
55,Plegadis faicinellus,,Threskiornithidae,FALSE,FALSE,FALSE,TRUE,oiseaux_de_senegambie_Page_041_2
56,Platalea alba,,Threskiornithidae,FALSE,FALSE,FALSE,TRUE,oiseaux_de_senegambie_Page_041_3
57,Platalea leucorodia,,Threskiornithidae,FALSE,FALSE,FALSE,TRUE,oiseaux_de_senegambie_Page_041_4
58,Phoenicopterus ruber,Phoenicopterus roseus,Phoenicopteridae,FALSE,FALSE,FALSE,TRUE,oiseaux_de_senegambie_Page_041_5
59,Phoenicopterus minor,,Phoenicopteridae,FALSE,FALSE,FALSE,TRUE,oiseaux_de_senegambie_Page_042_1
60,Dendracygna bicolor,,Anatidae,FALSE,FALSE,FALSE,TRUE,oiseaux_de_senegambie_Page_042_2
61,Dendrocygna viduata,,Anatidae,FALSE,FALSE,FALSE,TRUE,oiseaux_de_senegambie_Page_042_3
62,Alopochen aegyptiaca,,Anatidae,FALSE,FALSE,FALSE,TRUE,oiseaux_de_senegambie_Page_042_4
63,Tadorna tadorna,,Anatidae,FALSE,TRUE,FALSE,TRUE,oiseaux_de_senegambie_Page_042_5
64,Plectropterus gambensis,,Anatidae,FALSE,FALSE,FALSE,TRUE,oiseaux_de_senegambie_Page_043_1
65,Sarkidiornis melanata,,Anatidae,FALSE,FALSE,FALSE,TRUE,oiseaux_de_senegambie_Page_043_2
66,Nettapus auritus,,Anatidae,FALSE,FALSE,FALSE,TRUE,oiseaux_de_senegambie_Page_043_3
67,Anas penelope,,Anatidae,FALSE,TRUE,FALSE,TRUE,oiseaux_de_senegambie_Page_043_4
68,Anas strepera,,Anatidae,FALSE,TRUE,FALSE,TRUE,oiseaux_de_senegambie_Page_043_5
69,Anas crecca,,Anatidae,FALSE,FALSE,FALSE,TRUE,oiseaux_de_senegambie_Page_043_6
70,Anas platyrhynchos,,Anatidae,FALSE,FALSE,FALSE,TRUE,oiseaux_de_senegambie_Page_044_1
71,Anas acuta,,Anatidae,FALSE,FALSE,FALSE,TRUE,oiseaux_de_senegambie_Page_044_2
72,Anas querquedula,,Anatidae,FALSE,FALSE,FALSE,TRUE,oiseaux_de_senegambie_Page_044_3
73,Anas clypeata,,Anatidae,FALSE,FALSE,FALSE,TRUE,oiseaux_de_senegambie_Page_044_4
74,Anas angustirostris,,Anatidae,FALSE,FALSE,FALSE,TRUE,oiseaux_de_senegambie_Page_044_5
75,Anas americana,,Anatidae,FALSE,TRUE,FALSE,TRUE,oiseaux_de_senegambie_Page_045_1
76,Anas discors,,Anatidae,FALSE,FALSE,FALSE,TRUE,oiseaux_de_senegambie_Page_045_2
77,Aythya ferina,,Anatidae,FALSE,FALSE,FALSE,TRUE,oiseaux_de_senegambie_Page_045_3
78,Aythya nyroca,,Anatidae,FALSE,FALSE,FALSE,TRUE,oiseaux_de_senegambie_Page_045_4
79,Aythya fuligula,,Anatidae,FALSE,FALSE,FALSE,TRUE,oiseaux_de_senegambie_Page_045_5
80,Thalassornis leuconoatus,,Anatidae,FALSE,FALSE,FALSE,TRUE,oiseaux_de_senegambie_Page_046_1
81,Aegypius tracheliotus,,Accipitridae,FALSE,FALSE,FALSE,TRUE,oiseaux_de_senegambie_Page_046_2
82,Trigonoceps occipitalis,,Accipitridae,FALSE,TRUE,FALSE,TRUE,oiseaux_de_senegambie_Page_046_3
83,Gyps fulvus,,Accipitridae,FALSE,FALSE,FALSE,TRUE,oiseaux_de_senegambie_Page_046_4
84,Gyps rueppellii,,Accipitridae,FALSE,FALSE,FALSE,TRUE,oiseaux_de_senegambie_Page_046_5
85,Gyps bengalensis,Gyps africanus,Accipitridae,FALSE,FALSE,FALSE,TRUE,oiseaux_de_senegambie_Page_047_1
86,Neophron percnopterus,,Accipitridae,FALSE,FALSE,FALSE,TRUE,oiseaux_de_senegambie_Page_047_2
87,Neophron monachus,,Accipitridae,FALSE,FALSE,FALSE,TRUE,oiseaux_de_senegambie_Page_047_3
88,Gypohierax angolensis,,Accipitridae,FALSE,FALSE,FALSE,TRUE,oiseaux_de_senegambie_Page_047_4
,Circus cyaneus,,Accipitridae,TRUE,TRUE,FALSE,FALSE,
89,Circus macrourus,,Accipitridae,FALSE,FALSE,FALSE,TRUE,oiseaux_de_senegambie_Page_048_1
90,Circus pygargus,,Accipitridae,FALSE,FALSE,FALSE,TRUE,oiseaux_de_senegambie_Page_048_2
91,Circus acruginosus,,Accipitridae,FALSE,FALSE,FALSE,TRUE,oiseaux_de_senegambie_Page_048_3
92,Polyboroides radiatus,Polyboroides typus,Accipitridae,FALSE,FALSE,FALSE,TRUE,oiseaux_de_senegambie_Page_048_4
93,Terathopius ecaudatus,,Accipitridae,FALSE,FALSE,FALSE,TRUE,oiseaux_de_senegambie_Page_048_5
94,Circaetus gailicus,,Accipitridae,FALSE,FALSE,FALSE,TRUE,oiseaux_de_senegambie_Page_048_6
95,Circaetus beaudouini,,Accipitridae,FALSE,FALSE,FALSE,TRUE,oiseaux_de_senegambie_Page_049_1
96,Circaetus cinereus,,Accipitridae,FALSE,FALSE,FALSE,TRUE,oiseaux_de_senegambie_Page_049_2
97,Circaetus cinerascens,,Accipitridae,FALSE,FALSE,FALSE,TRUE,oiseaux_de_senegambie_Page_049_3
98,Accipiter melanoleucus,,Accipitridae,FALSE,TRUE,FALSE,TRUE,oiseaux_de_senegambie_Page_049_4
99,Accipiter toussenelii,,Accipitridae,FALSE,TRUE,FALSE,TRUE,oiseaux_de_senegambie_Page_049_5
100,Accipiter badius,,Accipitridae,FALSE,FALSE,FALSE,TRUE,oiseaux_de_senegambie_Page_049_6
101,Accipiter nisus,,Accipitridae,FALSE,TRUE,FALSE,TRUE,oiseaux_de_senegambie_Page_050_1
102,Accipiter erythropus,,Accipitridae,FALSE,FALSE,FALSE,TRUE,oiseaux_de_senegambie_Page_050_2
103,Accipiter ovampensis,,Accipitridae,FALSE,TRUE,FALSE,TRUE,oiseaux_de_senegambie_Page_050_3
104,Melierax metabates,,Accipitridae,FALSE,FALSE,FALSE,TRUE,oiseaux_de_senegambie_Page_050_4
105,Melierax gabar,,Accipitridae,FALSE,FALSE,FALSE,TRUE,oiseaux_de_senegambie_Page_050_5
106,Kaupifalco monogrammicus,,Accipitridae,FALSE,FALSE,FALSE,TRUE,oiseaux_de_senegambie_Page_050_6
107,Butastur rufipennis,,Accipitridae,FALSE,FALSE,FALSE,TRUE,oiseaux_de_senegambie_Page_051_1
108,Buteo rufinus,,Accipitridae,FALSE,FALSE,TRUE,TRUE,oiseaux_de_senegambie_Page_051_2
109,Buteo auguralis,,Accipitridae,FALSE,FALSE,FALSE,TRUE,oiseaux_de_senegambie_Page_051_3
110,Buteo buteo,,Accipitridae,FALSE,FALSE,TRUE,TRUE,oiseaux_de_senegambie_Page_051_4
111,Lophaetus occipitalis,,Accipitridae,FALSE,FALSE,FALSE,TRUE,oiseaux_de_senegambie_Page_051_5
112,Stephanoaetus coronatus,,Accipitridae,FALSE,TRUE,FALSE,TRUE,oiseaux_de_senegambie_Page_052_1
113,Polemaetus bellicosus,,Accipitridae,FALSE,FALSE,FALSE,TRUE,oiseaux_de_senegambie_Page_052_2
114,Hierdaetus spilogaster,,Accipitridae,FALSE,FALSE,FALSE,TRUE,oiseaux_de_senegambie_Page_052_3
115,Hieragaetus pennatus,,Accipitridae,FALSE,TRUE,FALSE,TRUE,oiseaux_de_senegambie_Page_052_4
,Hieraaetus dubius,,Accipitridae,TRUE,TRUE,FALSE,FALSE,
116,Aquila rapax,,Accipitridae,FALSE,FALSE,FALSE,TRUE,oiseaux_de_senegambie_Page_052_5
117,Aquila wahlbergi,,Accipitridae,FALSE,FALSE,FALSE,TRUE,oiseaux_de_senegambie_Page_053_1
118,Haliaetus vocifer,,Accipitridae,FALSE,FALSE,FALSE,TRUE,oiseaux_de_senegambie_Page_053_2
119,Milous migrans,,Accipitridae,FALSE,FALSE,TRUE,TRUE,oiseaux_de_senegambie_Page_053_3
120,Pernis apivorus,,Accipitridae,FALSE,FALSE,FALSE,TRUE,oiseaux_de_senegambie_Page_053_4
121,Aviceda cuculoides,,Accipitridae,FALSE,TRUE,FALSE,TRUE,oiseaux_de_senegambie_Page_053_5
122,Elanus cacruleus,,Accipitridae,FALSE,FALSE,FALSE,TRUE,oiseaux_de_senegambie_Page_054_1
123,Elanus riocourti,,Accipitridae,FALSE,FALSE,FALSE,TRUE,oiseaux_de_senegambie_Page_054_2
124,Macheiramphus alcinus,,Accipitridae,FALSE,FALSE,FALSE,TRUE,oiseaux_de_senegambie_Page_054_3
125,Pandion haliaetus,,Pandionidae,FALSE,FALSE,FALSE,TRUE,oiseaux_de_senegambie_Page_054_4
126,Falco biarmicus,,Falconidae,FALSE,FALSE,FALSE,TRUE,oiseaux_de_senegambie_Page_054_5
127,Faleo cherrug,,Falconidae,FALSE,FALSE,FALSE,TRUE,oiseaux_de_senegambie_Page_054_6
128,Falco peregrimus,,Falconidae,FALSE,TRUE,FALSE,TRUE,oiseaux_de_senegambie_Page_055_1
129,Falco cuviert,,Falconidae,FALSE,FALSE,FALSE,TRUE,oiseaux_de_senegambie_Page_055_2
130,Falco subbuteo,,Falconidae,FALSE,TRUE,FALSE,TRUE,oiseaux_de_senegambie_Page_055_3
131,Falco cotumbarius,,Falconidae,FALSE,TRUE,FALSE,TRUE,oiseaux_de_senegambie_Page_055_4
132,Falco chicquera,,Falconidae,FALSE,FALSE,FALSE,TRUE,oiseaux_de_senegambie_Page_055_5
133,Falco ardosiaceus,,Falconidae,FALSE,FALSE,FALSE,TRUE,oiseaux_de_senegambie_Page_056_1
134,Falco vespertinus,,Falconidae,FALSE,TRUE,FALSE,TRUE,oiseaux_de_senegambie_Page_056_2
135,Falco naumanni,,Falconidae,FALSE,FALSE,FALSE,TRUE,oiseaux_de_senegambie_Page_056_3
136,Falco tinnunculus,,Falconidae,FALSE,FALSE,FALSE,TRUE,oiseaux_de_senegambie_Page_056_4
137,Faico alopex,,Falconidae,FALSE,TRUE,FALSE,TRUE,oiseaux_de_senegambie_Page_056_5
138,Sagittarius serpentarius,,Sagittariidae,FALSE,FALSE,FALSE,TRUE,oiseaux_de_senegambie_Page_056_6
139,Francolinus alboguiaris,,Phasianidae,FALSE,FALSE,FALSE,TRUE,oiseaux_de_senegambie_Page_057_1
140,Francolinus bicalcaratus,,Phasianidae,FALSE,FALSE,FALSE,TRUE,oiseaux_de_senegambie_Page_057_2
141,Francolinus ahantensis,,Phasianidae,FALSE,FALSE,FALSE,TRUE,oiseaux_de_senegambie_Page_057_3
142,Coturnix cotumix,,Phasianidae,FALSE,FALSE,FALSE,TRUE,oiseaux_de_senegambie_Page_057_4
143,Coturnix delegorquei,,Phasianidae,FALSE,FALSE,FALSE,TRUE,oiseaux_de_senegambie_Page_057_5
144,Piilopachus petrosus,,Odontophoridae,FALSE,FALSE,FALSE,TRUE,oiseaux_de_senegambie_Page_058_1
145,Numida meteagris,,Numididae,FALSE,FALSE,FALSE,TRUE,oiseaux_de_senegambie_Page_058_2
146,Crex eqregia,,Rallidae,FALSE,FALSE,FALSE,TRUE,oiseaux_de_senegambie_Page_058_3
147,Porzang parva,,Rallidae,FALSE,FALSE,FALSE,TRUE,oiseaux_de_senegambie_Page_058_4
148,Porzana pusilta,,Rallidae,FALSE,FALSE,FALSE,TRUE,oiseaux_de_senegambie_Page_058_5
149,Porzana porzana,,Rallidae,FALSE,FALSE,FALSE,TRUE,oiseaux_de_senegambie_Page_058_6
150,Limmocorax flavirostra,,Rallidae,FALSE,FALSE,FALSE,TRUE,oiseaux_de_senegambie_Page_059_1
151,Sarothrura pulchra,,Rallidae,FALSE,TRUE,FALSE,TRUE,oiseaux_de_senegambie_Page_059_2
152,Gallinula anguilata,,Rallidae,FALSE,FALSE,FALSE,TRUE,oiseaux_de_senegambie_Page_059_3
153,Gallinula chloropus,,Rallidae,FALSE,FALSE,FALSE,TRUE,oiseaux_de_senegambie_Page_059_4
154,Porphyrio madagascariensis,,Rallidae,FALSE,FALSE,FALSE,TRUE,oiseaux_de_senegambie_Page_060_1
155,Porphyrio alleni,,Rallidae,FALSE,FALSE,FALSE,TRUE,oiseaux_de_senegambie_Page_060_2
156,Fulica atra,,Rallidae,FALSE,FALSE,FALSE,TRUE,oiseaux_de_senegambie_Page_060_3
157,Podica senegalensis,,Heliornithidae,FALSE,FALSE,FALSE,TRUE,oiseaux_de_senegambie_Page_060_4
158,Balearica pavonina,,Gruidae,FALSE,FALSE,FALSE,TRUE,oiseaux_de_senegambie_Page_060_5
159,Otis arabs,,Otididae,FALSE,FALSE,FALSE,TRUE,oiseaux_de_senegambie_Page_061_1
160,Neotis denhami,,Otididae,FALSE,FALSE,FALSE,TRUE,oiseaux_de_senegambie_Page_061_2
161,Lophotis savilei,,Otididae,FALSE,FALSE,FALSE,TRUE,oiseaux_de_senegambie_Page_061_3
162,Eupodotis senegalensis,,Otididae,FALSE,FALSE,FALSE,TRUE,oiseaux_de_senegambie_Page_062_1
163,Eupodotis melanoguster,,Otididae,FALSE,TRUE,FALSE,TRUE,oiseaux_de_senegambie_Page_062_2
164,Actophilornis africanus,,Jacanidae,FALSE,FALSE,FALSE,TRUE,oiseaux_de_senegambie_Page_062_3
165,Burhinus oedicnemus,,Burhinidae,FALSE,FALSE,FALSE,TRUE,oiseaux_de_senegambie_Page_062_4
166,Burhinus senegaiensis,,Burhinidae,FALSE,FALSE,FALSE,TRUE,oiseaux_de_senegambie_Page_062_5
167,Burhinus capensis,,Burhinidae,FALSE,FALSE,FALSE,TRUE,oiseaux_de_senegambie_Page_063_1
168,Burhinus vermiculatus,,Burhinidae,FALSE,TRUE,FALSE,TRUE,oiseaux_de_senegambie_Page_063_2
169,Haematopus ostralegus,,Haematopodidae,FALSE,FALSE,FALSE,TRUE,oiseaux_de_senegambie_Page_063_3
170,Haematopus moquini,,Haematopodidae,FALSE,TRUE,FALSE,TRUE,oiseaux_de_senegambie_Page_063_4
171,Vanellus vanellus,,Charadriidae,FALSE,TRUE,FALSE,TRUE,oiseaux_de_senegambie_Page_063_5
172,Vanellus spinosus,,Charadriidae,FALSE,FALSE,FALSE,TRUE,oiseaux_de_senegambie_Page_063_6
173,Vanellus tectus,,Charadriidae,FALSE,FALSE,FALSE,TRUE,oiseaux_de_senegambie_Page_064_1
174,Vanellus indicus,,Charadriidae,FALSE,TRUE,FALSE,TRUE,oiseaux_de_senegambie_Page_064_2
175,Vanellus aibiceps,,Charadriidae,FALSE,FALSE,FALSE,TRUE,oiseaux_de_senegambie_Page_064_3
176,Vanellus lugubris,,Charadriidae,FALSE,TRUE,FALSE,TRUE,oiseaux_de_senegambie_Page_064_4
177,Vanellus senegallus,,Charadriidae,FALSE,FALSE,FALSE,TRUE,oiseaux_de_senegambie_Page_064_5
178,Piuvialis apricarius,,Charadriidae,FALSE,FALSE,FALSE,TRUE,oiseaux_de_senegambie_Page_064_6
179,Pluvialis dominicus,,Charadriidae,FALSE,FALSE,FALSE,TRUE,oiseaux_de_senegambie_Page_065_1
180,Pluvialis squaturola,,Charadriidae,FALSE,FALSE,FALSE,TRUE,oiseaux_de_senegambie_Page_065_2
181,Charadrius hiaticuia,,Charadriidae,FALSE,FALSE,FALSE,TRUE,oiseaux_de_senegambie_Page_065_3
182,Charadrius dubius,,Charadriidae,FALSE,FALSE,FALSE,TRUE,oiseaux_de_senegambie_Page_065_4
183,Charadrius pecuarius,,Charadriidae,FALSE,FALSE,FALSE,TRUE,oiseaux_de_senegambie_Page_065_5
184,Charadrius forbesi,,Charadriidae,FALSE,FALSE,FALSE,TRUE,oiseaux_de_senegambie_Page_065_6
185,Charadrius alexandrinus,,Charadriidae,FALSE,FALSE,FALSE,TRUE,oiseaux_de_senegambie_Page_066_1
186,Charadrius marginatus,,Charadriidae,FALSE,TRUE,FALSE,TRUE,oiseaux_de_senegambie_Page_066_2
187,Eudromias morinelilus,,Charadriidae,FALSE,TRUE,FALSE,TRUE,oiseaux_de_senegambie_Page_066_3
188,Numenius phaeopus,,Scolopacidae,FALSE,FALSE,FALSE,TRUE,oiseaux_de_senegambie_Page_066_4
189,Numienius arquatau,,Scolopacidae,FALSE,FALSE,FALSE,TRUE,oiseaux_de_senegambie_Page_066_5
190,Limosa limosa,,Scolopacidae,FALSE,FALSE,FALSE,TRUE,oiseaux_de_senegambie_Page_067_1
191,Limosa lapponica,,Scolopacidae,FALSE,FALSE,FALSE,TRUE,oiseaux_de_senegambie_Page_067_2
192,Tringa nebularia,,Scolopacidae,FALSE,FALSE,FALSE,TRUE,oiseaux_de_senegambie_Page_067_3
193,Tringa stagnatilis,,Scolopacidae,FALSE,FALSE,FALSE,TRUE,oiseaux_de_senegambie_Page_067_4
194,Tringa glareola,,Scolopacidae,FALSE,FALSE,FALSE,TRUE,oiseaux_de_senegambie_Page_067_5
195,Tringa fluvipes,,Scolopacidae,FALSE,TRUE,FALSE,TRUE,oiseaux_de_senegambie_Page_067_6
196,Tringa ochropus,,Scolopacidae,FALSE,FALSE,FALSE,TRUE,oiseaux_de_senegambie_Page_068_1
197,Trina terek,,Scolopacidae,FALSE,TRUE,FALSE,TRUE,oiseaux_de_senegambie_Page_068_2
198,Tringa hypoleucos,,Scolopacidae,FALSE,FALSE,FALSE,TRUE,oiseaux_de_senegambie_Page_068_3
199,Tringa totanus,,Scolopacidae,FALSE,FALSE,FALSE,TRUE,oiseaux_de_senegambie_Page_068_4
200,Tringa erythropus,,Scolopacidae,FALSE,FALSE,FALSE,TRUE,oiseaux_de_senegambie_Page_068_5
201,Arenauria interpres,,Scolopacidae,FALSE,FALSE,FALSE,TRUE,oiseaux_de_senegambie_Page_068_6
202,Gallinago media,,Scolopacidae,FALSE,FALSE,FALSE,TRUE,oiseaux_de_senegambie_Page_069_1
203,Gallinago gallinago,,Scolopacidae,FALSE,FALSE,FALSE,TRUE,oiseaux_de_senegambie_Page_069_2
204,Gallinago minima,,Scolopacidae,FALSE,FALSE,FALSE,TRUE,oiseaux_de_senegambie_Page_069_3
205,Limnodromus,,Scolopacidae,FALSE,TRUE,FALSE,TRUE,oiseaux_de_senegambie_Page_069_4
206,Calidris canutus,,Scolopacidae,FALSE,FALSE,FALSE,TRUE,oiseaux_de_senegambie_Page_069_5
207,Calidris alpina,,Scolopacidae,FALSE,FALSE,FALSE,TRUE,oiseaux_de_senegambie_Page_069_6
208,Calidris ferruginea,,Scolopacidae,FALSE,FALSE,FALSE,TRUE,oiseaux_de_senegambie_Page_070_1
209,Calidris bairdii,,Scolopacidae,FALSE,TRUE,FALSE,TRUE,oiseaux_de_senegambie_Page_070_2
210,Calidris minuta,,Scolopacidae,FALSE,FALSE,FALSE,TRUE,oiseaux_de_senegambie_Page_070_3
211,Calidris temminckii,,Scolopacidae,FALSE,FALSE,FALSE,TRUE,oiseaux_de_senegambie_Page_070_4
212,Calidris alba,,Scolopacidae,FALSE,FALSE,FALSE,TRUE,oiseaux_de_senegambie_Page_070_5
213,Trungites subruficollis,,Scolopacidae,FALSE,TRUE,FALSE,TRUE,oiseaux_de_senegambie_Page_070_6
214,Philomachus pugnux,,Scolopacidae,FALSE,FALSE,FALSE,TRUE,oiseaux_de_senegambie_Page_071_1
215,Phalaropus fulicarius,,Scolopacidae,FALSE,TRUE,FALSE,TRUE,oiseaux_de_senegambie_Page_071_2
216,Phalaropus lobatus,,Scolopacidae,FALSE,TRUE,FALSE,TRUE,oiseaux_de_senegambie_Page_071_3
217,Himantopus himantopus,,Recurvirostridae,FALSE,FALSE,FALSE,TRUE,oiseaux_de_senegambie_Page_071_4
218,Recurvirosira avosetia,,Recurvirostridae,FALSE,FALSE,FALSE,TRUE,oiseaux_de_senegambie_Page_071_5
219,Rostratula benghalensis,,Rostratulidae,FALSE,FALSE,FALSE,TRUE,oiseaux_de_senegambie_Page_071_6
220,Phuvianus aeguptius,,Pluvianidae,FALSE,FALSE,FALSE,TRUE,oiseaux_de_senegambie_Page_072_1
221,Cursorius cursor,,Glareolidae,FALSE,FALSE,FALSE,TRUE,oiseaux_de_senegambie_Page_072_2
222,Cursorius temminckii,,Glareolidae,FALSE,FALSE,FALSE,TRUE,oiseaux_de_senegambie_Page_072_3
223,Cursorius chalcopierus,,Glareolidae,FALSE,FALSE,FALSE,TRUE,oiseaux_de_senegambie_Page_072_4
224,Glareoia pratincola,,Glareolidae,FALSE,FALSE,FALSE,TRUE,oiseaux_de_senegambie_Page_073_1
225,Stercorarius skua,,Stercorariidae,FALSE,TRUE,FALSE,FALSE,
226,Stercorarius pomarinus,,Stercorariidae,FALSE,TRUE,FALSE,FALSE,
227,Stercorarius parasiticus,,Stercorariidae,FALSE,FALSE,FALSE,FALSE,
228,Stercorarius longicaudus,,Stercorariidae,FALSE,TRUE,FALSE,FALSE,
229,Larus audouinii,,Laridae,FALSE,FALSE,FALSE,TRUE,oiseaux_de_senegambie_Page_073_2
230,Larus belcheri,,Laridae,FALSE,TRUE,FALSE,TRUE,oiseaux_de_senegambie_Page_074_1
231,Larus pipixcan,,Laridae,FALSE,TRUE,FALSE,TRUE,oiseaux_de_senegambie_Page_074_2
232,Larus melanocephalus,,Laridae,FALSE,FALSE,FALSE,TRUE,oiseaux_de_senegambie_Page_074_3
233,Larus tridactylus,,Laridae,FALSE,FALSE,FALSE,FALSE,
234,Larus ridibundus,,Laridae,FALSE,FALSE,FALSE,TRUE,oiseaux_de_senegambie_Page_074_4
235,Larus genei,,Laridae,FALSE,FALSE,FALSE,TRUE,oiseaux_de_senegambie_Page_075_1
236,Larus minutus,,Laridae,FALSE,TRUE,FALSE,TRUE,oiseaux_de_senegambie_Page_075_2
237,Larus atricifia,,Laridae,FALSE,TRUE,FALSE,FALSE,
238,Larus cirrhocephalus,,Laridae,FALSE,FALSE,FALSE,TRUE,oiseaux_de_senegambie_Page_075_3
239,Larus sabini,,Laridae,FALSE,TRUE,FALSE,FALSE,
240,Larus argentatus,Larus michahellis,Laridae,FALSE,FALSE,FALSE,TRUE,oiseaux_de_senegambie_Page_076_1
241,Larus fuscus,,Laridae,FALSE,FALSE,FALSE,TRUE,oiseaux_de_senegambie_Page_076_2
242,Larus dominicus,,Laridae,FALSE,TRUE,FALSE,TRUE,oiseaux_de_senegambie_Page_076_3
243,Rynchops flavirostris,,Laridae,FALSE,FALSE,FALSE,TRUE,oiseaux_de_senegambie_Page_076_4
244,Anous stolicius,,Laridae,FALSE,FALSE,FALSE,FALSE,
245,Anous tenuirostris,,Laridae,FALSE,TRUE,FALSE,FALSE,
246,Sterna nilotica,,Laridae,FALSE,FALSE,FALSE,TRUE,oiseaux_de_senegambie_Page_077_1
247,Sterna tschegrava,,Laridae,FALSE,FALSE,FALSE,TRUE,oiseaux_de_senegambie_Page_077_2
248,Sterna maxima,Thalasseus albididorsalis,Laridae,FALSE,FALSE,FALSE,TRUE,oiseaux_de_senegambie_Page_077_3
249,Sterna sandvicensis,,Laridae,FALSE,TRUE,FALSE,TRUE,oiseaux_de_senegambie_Page_077_4
250,Sterna bengalensis,,Laridae,FALSE,FALSE,FALSE,TRUE,oiseaux_de_senegambie_Page_077_5
251,Sterna dougallii,,Laridae,FALSE,FALSE,FALSE,TRUE,oiseaux_de_senegambie_Page_078_1
252,Sterna hirundo,,Laridae,FALSE,FALSE,FALSE,TRUE,oiseaux_de_senegambie_Page_078_2
253,Sterna puradisea,,Laridae,FALSE,FALSE,FALSE,TRUE,oiseaux_de_senegambie_Page_078_3
254,Sterna anaethetus,,Laridae,FALSE,FALSE,FALSE,TRUE,oiseaux_de_senegambie_Page_078_4
255,Sterne fuscata,,Laridae,FALSE,TRUE,FALSE,TRUE,oiseaux_de_senegambie_Page_078_5
256,Sterna hybrida,,Laridae,FALSE,FALSE,FALSE,TRUE,oiseaux_de_senegambie_Page_078_6
257,Sterna albifrons,,Laridae,FALSE,FALSE,FALSE,TRUE,oiseaux_de_senegambie_Page_079_1
258,Sterna nigra,,Laridae,FALSE,FALSE,FALSE,TRUE,oiseaux_de_senegambie_Page_079_2
259,Sterna leucoptera,,Laridae,FALSE,FALSE,FALSE,TRUE,oiseaux_de_senegambie_Page_079_3
260,Pterocles exustus,,Pteroclididae,FALSE,FALSE,FALSE,TRUE,oiseaux_de_senegambie_Page_079_4
261,Pterocles lichtensteinii,,Pteroclididae,FALSE,FALSE,FALSE,TRUE,oiseaux_de_senegambie_Page_080_1
262,Pterocles quadricinctus,,Pteroclididae,FALSE,FALSE,FALSE,TRUE,oiseaux_de_senegambie_Page_080_2
263,Turnix syluatica,,Turnicidae,FALSE,FALSE,FALSE,TRUE,oiseaux_de_senegambie_Page_080_3
264,Ortyxelos meiffrenii,,Turnicidae,FALSE,FALSE,FALSE,TRUE,oiseaux_de_senegambie_Page_080_4
265,Calumba livia,,Columbidae,FALSE,FALSE,FALSE,TRUE,oiseaux_de_senegambie_Page_081_1
266,Columba guinea,,Columbidae,FALSE,FALSE,FALSE,TRUE,oiseaux_de_senegambie_Page_081_2
267,Streptopelia turtur,,Columbidae,FALSE,FALSE,FALSE,TRUE,oiseaux_de_senegambie_Page_081_3
268,Streptopelia semitorquata,,Columbidae,FALSE,FALSE,FALSE,TRUE,oiseaux_de_senegambie_Page_082_1
269,Streptopelia decipiens,,Columbidae,FALSE,FALSE,FALSE,TRUE,oiseaux_de_senegambie_Page_082_2
270,Streptopelia vinsacea,,Columbidae,FALSE,FALSE,FALSE,TRUE,oiseaux_de_senegambie_Page_082_3
271,Streptopelia roseogrisea,,Columbidae,FALSE,FALSE,FALSE,TRUE,oiseaux_de_senegambie_Page_082_4
272,Streptopelia senegalensis,,Columbidae,FALSE,FALSE,FALSE,TRUE,oiseaux_de_senegambie_Page_082_5
273,Oena capensis,,Columbidae,FALSE,FALSE,FALSE,TRUE,oiseaux_de_senegambie_Page_083_1
274,Turtur tympanistria,,Columbidae,FALSE,FALSE,FALSE,TRUE,oiseaux_de_senegambie_Page_083_2
275,Turtur afer,,Columbidae,FALSE,FALSE,FALSE,TRUE,oiseaux_de_senegambie_Page_083_3
276,Turtur abyssinicus,,Columbidae,FALSE,FALSE,FALSE,TRUE,oiseaux_de_senegambie_Page_083_4
277,Treron australis,Treron calvus,Columbidae,FALSE,FALSE,FALSE,TRUE,oiseaux_de_senegambie_Page_083_5
278,Treron waalia,,Columbidae,FALSE,FALSE,FALSE,TRUE,oiseaux_de_senegambie_Page_084_1
279,Poicephalus robustus,Poicephalus fuscicollis,Psittacidae,FALSE,FALSE,FALSE,TRUE,oiseaux_de_senegambie_Page_084_2
280,Poicephalus senegadlus,,Psittacidae,FALSE,FALSE,FALSE,TRUE,oiseaux_de_senegambie_Page_084_3
281,Psittacula krameri,,Psittacidae,FALSE,FALSE,FALSE,TRUE,oiseaux_de_senegambie_Page_084_4
282,Tauraco persa,,Musophagidae,FALSE,FALSE,FALSE,TRUE,oiseaux_de_senegambie_Page_084_5
283,Musophaga violacea,,Musophagidae,FALSE,FALSE,FALSE,TRUE,oiseaux_de_senegambie_Page_084_6
284,Crinifer piscator,,Musophagidae,FALSE,FALSE,FALSE,TRUE,oiseaux_de_senegambie_Page_085_1
285,Clamator glandarius,,Cuculidae,FALSE,FALSE,FALSE,TRUE,oiseaux_de_senegambie_Page_085_2
286,Clamator jacobinus,,Cuculidae,FALSE,FALSE,FALSE,TRUE,oiseaux_de_senegambie_Page_085_3
287,Clamator levaillanti,,Cuculidae,FALSE,FALSE,FALSE,TRUE,oiseaux_de_senegambie_Page_085_4
288,Cuculus solitarius,,Cuculidae,FALSE,FALSE,FALSE,TRUE,oiseaux_de_senegambie_Page_085_5
289,Cuculus clamosus,,Cuculidae,FALSE,FALSE,FALSE,TRUE,oiseaux_de_senegambie_Page_086_1
290,Cuculus canorus canorus,,Cuculidae,FALSE,FALSE,TRUE,TRUE,oiseaux_de_senegambie_Page_086_2
290,Cuculus canorus gularis,Cuculus gularis,Cuculidae,FALSE,FALSE,TRUE,TRUE,oiseaux_de_senegambie_Page_086_3
291,Chrysococcyx klaas,,Cuculidae,FALSE,FALSE,FALSE,TRUE,oiseaux_de_senegambie_Page_086_4
292,Chrysococcyx caprius,,Cuculidae,FALSE,FALSE,FALSE,TRUE,oiseaux_de_senegambie_Page_086_5
293,Chrysococcyx cupreus,,Cuculidae,FALSE,FALSE,FALSE,TRUE,oiseaux_de_senegambie_Page_087_1
294,Ceuthmochares aereus,,Cuculidae,FALSE,TRUE,FALSE,TRUE,oiseaux_de_senegambie_Page_087_2
295,Ceniropus toulou,Centropus grillii,Cuculidae,FALSE,FALSE,FALSE,TRUE,oiseaux_de_senegambie_Page_087_3
296,Centropus leucogaster,,Cuculidae,FALSE,TRUE,FALSE,TRUE,oiseaux_de_senegambie_Page_087_4
,Centropus monachus,,Cuculidae,TRUE,FALSE,FALSE,FALSE,
297,Centropus senegalensis,,Cuculidae,FALSE,FALSE,FALSE,TRUE,oiseaux_de_senegambie_Page_087_5
298,Tyto aiba,,Tytonidae,FALSE,FALSE,FALSE,TRUE,oiseaux_de_senegambie_Page_088_1
299,Otus scops,,Strigidae,FALSE,FALSE,TRUE,TRUE,oiseaux_de_senegambie_Page_088_2
300,Otus leucotis,,Strigidae,FALSE,FALSE,FALSE,TRUE,oiseaux_de_senegambie_Page_088_3
301,Bubo ascalaphus,,Strigidae,FALSE,FALSE,FALSE,TRUE,oiseaux_de_senegambie_Page_088_4
302,Bubo africanus,Bubo cinerascens,Strigidae,FALSE,FALSE,FALSE,TRUE,oiseaux_de_senegambie_Page_088_5
303,Bubo lacteus,,Strigidae,FALSE,FALSE,FALSE,TRUE,oiseaux_de_senegambie_Page_089_1
304,Scotopelia peli,,Strigidae,FALSE,FALSE,FALSE,TRUE,oiseaux_de_senegambie_Page_089_2
305,Glaucidium perlatum,,Strigidae,FALSE,FALSE,FALSE,TRUE,oiseaux_de_senegambie_Page_089_3
306,Ciccaba woodfordi,,Strigidae,FALSE,TRUE,FALSE,TRUE,oiseaux_de_senegambie_Page_089_4
307,Asio flammmeus,,Strigidae,FALSE,FALSE,FALSE,TRUE,oiseaux_de_senegambie_Page_089_5
308,Asio capensis,,Strigidae,FALSE,TRUE,FALSE,TRUE,oiseaux_de_senegambie_Page_090_1
309,Caprimuigus ruficollis,,Caprimulgidae,FALSE,FALSE,FALSE,TRUE,oiseaux_de_senegambie_Page_090_2
310,Caprimuigus europaeus,,Caprimulgidae,FALSE,FALSE,FALSE,TRUE,oiseaux_de_senegambie_Page_090_3
311,Caprimuigus aegyptius,,Caprimulgidae,FALSE,FALSE,FALSE,TRUE,oiseaux_de_senegambie_Page_090_4
312,Caprimuigus eximius,,Caprimulgidae,FALSE,FALSE,FALSE,TRUE,oiseaux_de_senegambie_Page_090_5
313,Caprimulgus pectoralis,,Caprimulgidae,FALSE,TRUE,FALSE,TRUE,oiseaux_de_senegambie_Page_090_6
314,Caprimuigus natalensis,,Caprimulgidae,FALSE,TRUE,FALSE,TRUE,oiseaux_de_senegambie_Page_091_1
315,Caprimulgus inornatus,,Caprimulgidae,FALSE,FALSE,FALSE,TRUE,oiseaux_de_senegambie_Page_091_2
316,Caprimulgus climacurus,,Caprimulgidae,FALSE,FALSE,FALSE,TRUE,oiseaux_de_senegambie_Page_091_3
317,Macrodipteryx longipennis,,Caprimulgidae,FALSE,FALSE,FALSE,TRUE,oiseaux_de_senegambie_Page_091_4
318,Macrodipteryx vexillarius,,Caprimulgidae,FALSE,FALSE,FALSE,TRUE,oiseaux_de_senegambie_Page_091_5
319,Apus melba,,Apodidae,FALSE,TRUE,FALSE,TRUE,oiseaux_de_senegambie_Page_091_6
320,Apus pallidus,,Apodidae,FALSE,TRUE,FALSE,TRUE,oiseaux_de_senegambie_Page_092_1
321,Apus apus,,Apodidae,FALSE,FALSE,FALSE,TRUE,oiseaux_de_senegambie_Page_092_2
322,Apus caffer,,Apodidae,FALSE,FALSE,FALSE,TRUE,oiseaux_de_senegambie_Page_092_3
323,Apus affinis,,Apodidae,FALSE,FALSE,FALSE,TRUE,oiseaux_de_senegambie_Page_092_4
324,Cypsiurus parvus,,Apodidae,FALSE,FALSE,FALSE,TRUE,oiseaux_de_senegambie_Page_092_5
325,Chaetura ussheri,,Apodidae,FALSE,FALSE,FALSE,TRUE,oiseaux_de_senegambie_Page_093_1
326,Colius macrourus,Urocolius macrourus,Lamiaceae,FALSE,FALSE,FALSE,TRUE,oiseaux_de_senegambie_Page_093_2
327,Ceryle maxima,Megaceryle maxima,Alcedinidae,FALSE,FALSE,FALSE,TRUE,oiseaux_de_senegambie_Page_093_3
328,Ceryle rudis,,Alcedinidae,FALSE,FALSE,FALSE,TRUE,oiseaux_de_senegambie_Page_093_4
329,Alcedo quadribrachys,,Alcedinidae,FALSE,FALSE,FALSE,TRUE,oiseaux_de_senegambie_Page_093_5
330,Alcedo cristata,,Alcedinidae,FALSE,FALSE,FALSE,TRUE,oiseaux_de_senegambie_Page_094_1
331,Ceyx picta,,Alcedinidae,FALSE,FALSE,FALSE,TRUE,oiseaux_de_senegambie_Page_094_2
332,Halcyon senegalensis,,Alcedinidae,FALSE,FALSE,FALSE,TRUE,oiseaux_de_senegambie_Page_094_3
333,Halcyon malimbica,,Alcedinidae,FALSE,FALSE,FALSE,TRUE,oiseaux_de_senegambie_Page_094_4
334,Halcyon chelicuti,,Alcedinidae,FALSE,FALSE,FALSE,TRUE,oiseaux_de_senegambie_Page_094_5
335,Halcyon leucocephala,,Alcedinidae,FALSE,FALSE,FALSE,TRUE,oiseaux_de_senegambie_Page_095_1
336,Merops apiaster,,Meropidae,FALSE,FALSE,FALSE,TRUE,oiseaux_de_senegambie_Page_095_2
337,Merops superciliosus,Merops persicus,Meropidae,FALSE,FALSE,FALSE,TRUE,oiseaux_de_senegambie_Page_095_3
338,Merops orientalis,Merops viridissimus,Meropidae,FALSE,FALSE,FALSE,TRUE,oiseaux_de_senegambie_Page_095_4
339,Merops nubicus,,Meropidae,FALSE,FALSE,FALSE,TRUE,oiseaux_de_senegambie_Page_096_1
340,Merops albicollis,,Meropidae,FALSE,FALSE,FALSE,TRUE,oiseaux_de_senegambie_Page_096_2
341,Merops pusillus,,Meropidae,FALSE,FALSE,FALSE,TRUE,oiseaux_de_senegambie_Page_096_3
342,Merops bulocki,,Meropidae,FALSE,FALSE,FALSE,TRUE,oiseaux_de_senegambie_Page_096_4
343,Merops hirundineus,,Meropidae,FALSE,FALSE,FALSE,TRUE,oiseaux_de_senegambie_Page_097_1
344,Coracias garrulus,,Coraciidae,FALSE,FALSE,FALSE,TRUE,oiseaux_de_senegambie_Page_097_2
345,Coracias abyssinica,,Coraciidae,FALSE,FALSE,FALSE,TRUE,oiseaux_de_senegambie_Page_097_3
346,Coracias naevia,,Coraciidae,FALSE,FALSE,FALSE,TRUE,oiseaux_de_senegambie_Page_097_4
347,Coracias cyanogaster,,Coraciidae,FALSE,FALSE,FALSE,TRUE,oiseaux_de_senegambie_Page_097_5
348,Eurystomus glaucurus,,Coraciidae,FALSE,FALSE,FALSE,TRUE,oiseaux_de_senegambie_Page_098_1
,Eurystomus gularis,,Coraciidae,TRUE,FALSE,FALSE,FALSE,
349,Upupa epops,,Upupidae,FALSE,FALSE,TRUE,TRUE,oiseaux_de_senegambie_Page_098_2
350,Phoeniculus purpureus,,Phoeniculidae,FALSE,FALSE,FALSE,TRUE,oiseaux_de_senegambie_Page_098_3
,Phoeniculus bollei,,Phoeniculidae,TRUE,TRUE,FALSE,FALSE,
351,Phoeniculus aterrimus,Rhinopomastus aterrimus,Phoeniculidae,FALSE,FALSE,FALSE,TRUE,oiseaux_de_senegambie_Page_099_1
352,Tockus nasutus,,Bucerotidae,FALSE,FALSE,FALSE,TRUE,oiseaux_de_senegambie_Page_099_2
353,Tockus erythrorhynchus,Tockus kempi,Bucerotidae,FALSE,FALSE,FALSE,TRUE,oiseaux_de_senegambie_Page_099_3
354,Tockus fasciatus,Lophoceros semifasciatus,Bucerotidae,FALSE,FALSE,FALSE,TRUE,oiseaux_de_senegambie_Page_099_4
355,Ceratogymna elata,,Bucerotidae,FALSE,TRUE,FALSE,TRUE,oiseaux_de_senegambie_Page_099_5
356,Bycanistes fistulator,,Bucerotidae,FALSE,FALSE,FALSE,TRUE,oiseaux_de_senegambie_Page_099_6
,Bycanistes subcylinaricus,,Bucerotidae,TRUE,TRUE,FALSE,FALSE,
357,Bucorvus abyssinicus,,Bucorvidae,FALSE,FALSE,FALSE,TRUE,oiseaux_de_senegambie_Page_100_1
358,Lybius dubius,,Lybiidae,FALSE,FALSE,FALSE,TRUE,oiseaux_de_senegambie_Page_100_2
359,Lybius vieilloti,,Lybiidae,FALSE,FALSE,FALSE,TRUE,oiseaux_de_senegambie_Page_100_3
360,Lybius hirsutus,Tricholaema hirsuta,Lybiidae,FALSE,TRUE,FALSE,TRUE,oiseaux_de_senegambie_Page_100_4
361,Pogeoniulus chrysoconus,,Lybiidae,FALSE,FALSE,FALSE,TRUE,oiseaux_de_senegambie_Page_100_5
362,Pogoniulus bilineatus,,Lybiidae,FALSE,FALSE,FALSE,TRUE,oiseaux_de_senegambie_Page_101_1
,Pogoniulus subsulphureus,,Lybiidae,TRUE,TRUE,FALSE,FALSE,
363,Pogoniulus atroflavus,,Lybiidae,FALSE,TRUE,FALSE,TRUE,oiseaux_de_senegambie_Page_101_2
364,Indicator maculatus,,Indicatoridae,FALSE,FALSE,FALSE,TRUE,oiseaux_de_senegambie_Page_101_3
365,indicator indicator,,Indicatoridae,FALSE,FALSE,FALSE,TRUE,oiseaux_de_senegambie_Page_101_4
366,Indicator minor,,Indicatoridae,FALSE,FALSE,FALSE,TRUE,oiseaux_de_senegambie_Page_101_5
367,Prodotiscus insignis,,Indicatoridae,FALSE,TRUE,FALSE,TRUE,oiseaux_de_senegambie_Page_101_6
368,Jynx torquilla,,Picidae,FALSE,FALSE,FALSE,TRUE,oiseaux_de_senegambie_Page_102_1
369,Campethera punctuligera,,Picidae,FALSE,FALSE,FALSE,TRUE,oiseaux_de_senegambie_Page_102_2
370,Campethera abingoni,,Picidae,FALSE,TRUE,FALSE,TRUE,oiseaux_de_senegambie_Page_102_3
371,Campethera maculosa,,Picidae,FALSE,FALSE,FALSE,TRUE,oiseaux_de_senegambie_Page_102_4
372,Campethera nivosa,,Picidae,FALSE,FALSE,FALSE,TRUE,oiseaux_de_senegambie_Page_102_5
373,Dendropicas fuscescens,,Picidae,FALSE,FALSE,FALSE,TRUE,oiseaux_de_senegambie_Page_103_1
374,Dendropicos elachus,,Picidae,FALSE,FALSE,FALSE,TRUE,oiseaux_de_senegambie_Page_103_2
375,Dendropicos obsoletus,,Picidae,FALSE,FALSE,FALSE,TRUE,oiseaux_de_senegambie_Page_103_3
376,Mesopicos goertae,Dendropicos goertae,Picidae,FALSE,FALSE,FALSE,TRUE,oiseaux_de_senegambie_Page_103_4
377,Mirafra javanica,,Alaudidae,FALSE,FALSE,FALSE,TRUE,oiseaux_de_senegambie_Page_103_5
378,Mirafra cordofanica,,Alaudidae,FALSE,FALSE,FALSE,TRUE,oiseaux_de_senegambie_Page_103_6
379,Mirafra rufocinnameomea,,Alaudidae,FALSE,FALSE,FALSE,TRUE,oiseaux_de_senegambie_Page_104_1
380,Mirafra nigricans,Pinarocorys erythropygia,Alaudidae,FALSE,TRUE,FALSE,TRUE,oiseaux_de_senegambie_Page_104_2
381,Alaemon alaudipes,,Alaudidae,FALSE,FALSE,FALSE,TRUE,oiseaux_de_senegambie_Page_104_3
382,Calandrella brachydactyla,,Alaudidae,FALSE,FALSE,FALSE,TRUE,oiseaux_de_senegambie_Page_104_4
383,Eremopterix nigriceps,,Alaudidae,FALSE,FALSE,FALSE,TRUE,oiseaux_de_senegambie_Page_104_5
384,Eremopterix leucotis,,Alaudidae,FALSE,FALSE,FALSE,TRUE,oiseaux_de_senegambie_Page_105_1
385,Galerida cristata,,Alaudidae,FALSE,FALSE,FALSE,TRUE,oiseaux_de_senegambie_Page_105_2
386,Galerida modesta,,Alaudidae,FALSE,FALSE,FALSE,TRUE,oiseaux_de_senegambie_Page_105_3
387,Riparia riparia,,Hirundinidae,FALSE,FALSE,FALSE,TRUE,oiseaux_de_senegambie_Page_105_4
388,Riparia paludicola,,Hirundinidae,FALSE,FALSE,FALSE,TRUE,oiseaux_de_senegambie_Page_105_5
389,Riparia cincta,,Hirundinidae,FALSE,TRUE,FALSE,TRUE,oiseaux_de_senegambie_Page_105_6
390,Hirundo rustica rustica,,Hirundinidae,FALSE,FALSE,TRUE,TRUE,oiseaux_de_senegambie_Page_106_1
390,Hirundo rustica lucida,Hirundo lucida,Hirundinidae,FALSE,FALSE,TRUE,TRUE,oiseaux_de_senegambie_Page_106_2
391,Hirundo smithii,,Hirundinidae,FALSE,FALSE,FALSE,TRUE,oiseaux_de_senegambie_Page_106_3
392,Hirundo aethiopica,,Hirundinidae,FALSE,TRUE,FALSE,TRUE,oiseaux_de_senegambie_Page_106_4
393,Hirundo leucosoma,,Hirundinidae,FALSE,FALSE,FALSE,TRUE,oiseaux_de_senegambie_Page_107_1
394,Hirundo semiruja,,Hirundinidae,FALSE,FALSE,FALSE,TRUE,oiseaux_de_senegambie_Page_107_2
395,Hirundo senegalensis,,Hirundinidae,FALSE,FALSE,FALSE,TRUE,oiseaux_de_senegambie_Page_107_3
396,Hirundo daurica,,Hirundinidae,FALSE,FALSE,TRUE,TRUE,oiseaux_de_senegambie_Page_107_4
397,Hirundo abyssinica,,Hirundinidae,FALSE,FALSE,FALSE,TRUE,oiseaux_de_senegambie_Page_108_1
398,Hirundo griseopyga,,Hirundinidae,FALSE,TRUE,FALSE,TRUE,oiseaux_de_senegambie_Page_108_2
,Hirundo fuliginosa,,Hirundinidae,TRUE,TRUE,FALSE,FALSE,
399,Hirundo rupestris,,Hirundinidae,FALSE,FALSE,FALSE,TRUE,oiseaux_de_senegambie_Page_108_3
400,Hirundo fuliguia,,Hirundinidae,FALSE,TRUE,FALSE,TRUE,oiseaux_de_senegambie_Page_108_4
401,Delichon urbica,,Hirundinidae,FALSE,FALSE,FALSE,TRUE,oiseaux_de_senegambie_Page_109_1
402,Psalidoprocne obscura,,Hirundinidae,FALSE,FALSE,FALSE,TRUE,oiseaux_de_senegambie_Page_109_2
403,Motacilla flava,,Motacillidae,FALSE,FALSE,FALSE,TRUE,oiseaux_de_senegambie_Page_109_3
404,Motacilla cinerea,,Motacillidae,FALSE,FALSE,FALSE,TRUE,oiseaux_de_senegambie_Page_109_4
405,Motacilla alba alba,,Motacillidae,FALSE,FALSE,TRUE,TRUE,oiseaux_de_senegambie_Page_110_1
405,Motacilla alba vidua,Motacilla aguimp vidua,Motacillidae,FALSE,FALSE,TRUE,TRUE,oiseaux_de_senegambie_Page_110_2
406,Anthus campestris,,Motacillidae,FALSE,FALSE,FALSE,TRUE,oiseaux_de_senegambie_Page_110_3
407,Anthus leucophrys,,Motacillidae,FALSE,FALSE,FALSE,TRUE,oiseaux_de_senegambie_Page_110_4
408,Anthus trivialis,,Motacillidae,FALSE,FALSE,FALSE,TRUE,oiseaux_de_senegambie_Page_110_5
409,Anthus cervinius,,Motacillidae,FALSE,FALSE,FALSE,TRUE,oiseaux_de_senegambie_Page_111_1
410,Macronyx croceus,,Motacillidae,FALSE,FALSE,FALSE,TRUE,oiseaux_de_senegambie_Page_111_2
411,Prionops plumata,,Prionopidae,FALSE,FALSE,FALSE,TRUE,oiseaux_de_senegambie_Page_111_3
412,Nilaus afer,,Malaconotidae,FALSE,FALSE,FALSE,TRUE,oiseaux_de_senegambie_Page_111_4
413,Dryoscopus gambensis,,Malaconotidae,FALSE,FALSE,FALSE,TRUE,oiseaux_de_senegambie_Page_111_5
414,Tchagra senegalus,,,FALSE,FALSE,FALSE,TRUE,oiseaux_de_senegambie_Page_111_6
415,Laniarius barbarus,,Malaconotidae,FALSE,FALSE,FALSE,TRUE,oiseaux_de_senegambie_Page_112_1
,Laniarius ferrugineus,,Malaconotidae,TRUE,TRUE,FALSE,FALSE,
416,Malaconotus sulfureopectus,Chlorophoneus sulfureopectus,Malaconotidae,FALSE,FALSE,FALSE,TRUE,oiseaux_de_senegambie_Page_112_2
417,Malaconotus blanchoti,,Malaconotidae,FALSE,FALSE,FALSE,TRUE,oiseaux_de_senegambie_Page_112_3
418,Corvinella corvina,,Laniidae,FALSE,FALSE,FALSE,TRUE,oiseaux_de_senegambie_Page_112_4
419,Lanius collurio,Lanius isabellinus,Laniidae,FALSE,TRUE,FALSE,TRUE,oiseaux_de_senegambie_Page_112_5
420,Lanius excubitor,,Laniidae,FALSE,FALSE,FALSE,TRUE,oiseaux_de_senegambie_Page_113_1
421,Lanius senator,,Laniidae,FALSE,FALSE,FALSE,TRUE,oiseaux_de_senegambie_Page_113_2
422,Oriolus oriolus,,Oriolidae,FALSE,FALSE,FALSE,TRUE,oiseaux_de_senegambie_Page_113_3
423,Oriolus auratus,,Oriolidae,FALSE,FALSE,FALSE,TRUE,oiseaux_de_senegambie_Page_113_4
424,Dicrurus ludwigii,Dicrurus sharpei,Dicruridae,FALSE,FALSE,FALSE,TRUE,oiseaux_de_senegambie_Page_114_1
425,Dicrurus adsimilis,,Dicruridae,FALSE,FALSE,FALSE,TRUE,oiseaux_de_senegambie_Page_114_2
426,Onycognathus morio,Onychognathus neumanni,Sturnidae,FALSE,FALSE,FALSE,TRUE,oiseaux_de_senegambie_Page_114_3
427,Lamprotornis splendidus,,Sturnidae,FALSE,FALSE,FALSE,TRUE,oiseaux_de_senegambie_Page_114_4
428,Lamprotornis purpureus,,Sturnidae,FALSE,FALSE,FALSE,TRUE,oiseaux_de_senegambie_Page_115_1
429,Lamprotornis chloropterus,,Sturnidae,FALSE,FALSE,FALSE,TRUE,oiseaux_de_senegambie_Page_115_2
430,Lamprotornis chalcurus,,Sturnidae,FALSE,FALSE,FALSE,TRUE,oiseaux_de_senegambie_Page_115_3
431,Lamprotornis chaiybaeus,,Sturnidae,FALSE,FALSE,FALSE,TRUE,oiseaux_de_senegambie_Page_115_4
432,Lamprotornis caudatus,,Sturnidae,FALSE,FALSE,FALSE,TRUE,oiseaux_de_senegambie_Page_116_1
433,Cinnyricinclus leucogaster,,Sturnidae,FALSE,FALSE,FALSE,TRUE,oiseaux_de_senegambie_Page_116_2
434,Spreo pulcher,Lamprotornis pulcher,Sturnidae,FALSE,FALSE,FALSE,TRUE,oiseaux_de_senegambie_Page_116_3
435,Creatophora cinerea,,Sturnidae,FALSE,TRUE,FALSE,TRUE,oiseaux_de_senegambie_Page_116_4
436,Buphagus africanus,,Buphagidae,FALSE,FALSE,FALSE,TRUE,oiseaux_de_senegambie_Page_116_5
437,Ptllostomus afer,,Corvidae,FALSE,FALSE,FALSE,TRUE,oiseaux_de_senegambie_Page_116_6
438,Corvus albus,,Corvidae,FALSE,FALSE,FALSE,TRUE,oiseaux_de_senegambie_Page_117_1
439,Corvus ruficollis,,Corvidae,FALSE,FALSE,FALSE,TRUE,oiseaux_de_senegambie_Page_117_2
440,Coracina pectoralis,,Campephagidae,FALSE,FALSE,FALSE,TRUE,oiseaux_de_senegambie_Page_117_3
441,Campephaga phoenicea,,Campephagidae,FALSE,FALSE,FALSE,TRUE,oiseaux_de_senegambie_Page_117_4
442,Pucnonotus barbatus,,Pycnonotidae,FALSE,FALSE,FALSE,TRUE,oiseaux_de_senegambie_Page_117_5
443,Andropadus gracilirostis,,Pycnonotidae,FALSE,FALSE,FALSE,TRUE,oiseaux_de_senegambie_Page_118_1
444,Andropadus virens,,Pycnonotidae,FALSE,FALSE,FALSE,TRUE,oiseaux_de_senegambie_Page_118_2
445,Andropadus latirostris,,Pycnonotidae,FALSE,TRUE,FALSE,TRUE,oiseaux_de_senegambie_Page_118_3
446,Chlorocichla flavicollis,,Pycnonotidae,FALSE,FALSE,FALSE,TRUE,oiseaux_de_senegambie_Page_118_4
447,Thescelocichia leucopleurus,,Pycnonotidae,FALSE,TRUE,FALSE,TRUE,oiseaux_de_senegambie_Page_118_5
448,Phyllastrephus scandens,,Pycnonotidae,FALSE,FALSE,FALSE,TRUE,oiseaux_de_senegambie_Page_118_6
449,Phyliastrephus albigularis,,Pycnonotidae,FALSE,FALSE,FALSE,TRUE,oiseaux_de_senegambie_Page_119_1
450,Bleda canicapilia,,Pycnonotidae,FALSE,FALSE,FALSE,TRUE,oiseaux_de_senegambie_Page_119_2
451,Criniger calurus,,Pycnonotidae,FALSE,FALSE,FALSE,TRUE,oiseaux_de_senegambie_Page_119_3
,Criniger olivaceus,,Pycnonotidae,TRUE,FALSE,FALSE,FALSE,
452,Nicator chloris,,Nicatoridae,FALSE,FALSE,FALSE,TRUE,oiseaux_de_senegambie_Page_119_4
453,Saxicola rubetra,,Muscicapidae,FALSE,FALSE,FALSE,TRUE,oiseaux_de_senegambie_Page_119_5
454,Saxicola torquata,,Muscicapidae,FALSE,FALSE,FALSE,TRUE,oiseaux_de_senegambie_Page_120_1
455,Oenanthe oenanthe,,Muscicapidae,FALSE,FALSE,FALSE,TRUE,oiseaux_de_senegambie_Page_120_2
456,Oenanthe hispanica,,Muscicapidae,FALSE,FALSE,FALSE,TRUE,oiseaux_de_senegambie_Page_120_3
457,Oenanthe deserti,,Muscicapidae,FALSE,FALSE,FALSE,TRUE,oiseaux_de_senegambie_Page_120_4
458,Oenanthe isabellina,,Muscicapidae,FALSE,FALSE,FALSE,TRUE,oiseaux_de_senegambie_Page_121_1
459,Cercomela melanura,,Muscicapidae,FALSE,TRUE,FALSE,TRUE,oiseaux_de_senegambie_Page_121_2
460,Cercomela familiaris,,Muscicapidae,FALSE,FALSE,FALSE,TRUE,oiseaux_de_senegambie_Page_121_3
461,Myrmecocichla aethiops,,Muscicapidae,FALSE,FALSE,FALSE,TRUE,oiseaux_de_senegambie_Page_121_4
462,Myrmecocichla nigra,,Muscicapidae,FALSE,FALSE,FALSE,TRUE,oiseaux_de_senegambie_Page_121_5
463,Myrmecocichla cinnamomeiventris,,Muscicapidae,FALSE,FALSE,FALSE,TRUE,oiseaux_de_senegambie_Page_121_6
464,Myrmecocichla albifrons,,Muscicapidae,FALSE,FALSE,FALSE,TRUE,oiseaux_de_senegambie_Page_122_1
465,Monticola saxatilis,,Muscicapidae,FALSE,FALSE,FALSE,TRUE,oiseaux_de_senegambie_Page_122_2
466,Monticola solitaria,,Muscicapidae,FALSE,FALSE,FALSE,TRUE,oiseaux_de_senegambie_Page_122_3
467,Phoenicurus phoenicurus,,Muscicapidae,FALSE,FALSE,FALSE,TRUE,oiseaux_de_senegambie_Page_123_1
468,Cercotrichas podobe,,Muscicapidae,FALSE,FALSE,FALSE,TRUE,oiseaux_de_senegambie_Page_123_2
469,Cercotrichas galactoles,,Muscicapidae,FALSE,FALSE,TRUE,TRUE,oiseaux_de_senegambie_Page_123_3
470,Alethe diademata,,Turdidae,FALSE,FALSE,FALSE,TRUE,oiseaux_de_senegambie_Page_123_4
471,Cossypha aibicapilla,,Muscicapidae,FALSE,FALSE,FALSE,TRUE,oiseaux_de_senegambie_Page_123_5
472,Cossypha niveicapilia,,Muscicapidae,FALSE,FALSE,FALSE,TRUE,oiseaux_de_senegambie_Page_124_1
473,Luscinia megarhynchos,,Muscicapidae,FALSE,FALSE,FALSE,TRUE,oiseaux_de_senegambie_Page_124_2
474,Luscinia suecica,,Muscicapidae,FALSE,FALSE,FALSE,TRUE,oiseaux_de_senegambie_Page_124_3
475,Turdus philomeios,,Turdidae,FALSE,FALSE,FALSE,TRUE,oiseaux_de_senegambie_Page_124_4
476,Turdus pelios,,Turdidae,FALSE,FALSE,FALSE,TRUE,oiseaux_de_senegambie_Page_124_5
477,Malacocicla fulvescens,Illadopsis fulvescens,Pellorneidae,FALSE,FALSE,FALSE,TRUE,oiseaux_de_senegambie_Page_125_1
478,Malacocicla rufescens,Illadopsis rufescens,Pellorneidae,FALSE,FALSE,FALSE,TRUE,oiseaux_de_senegambie_Page_125_2
479,Malacocincla puveli,illadopsis puveli,Pellorneidae,FALSE,FALSE,FALSE,TRUE,oiseaux_de_senegambie_Page_125_3
480,Phyllantnus atripennis,,Leiothrichidae,FALSE,TRUE,FALSE,TRUE,oiseaux_de_senegambie_Page_125_4
481,Turdoides plebejus,,Leiothrichidae,FALSE,FALSE,FALSE,TRUE,oiseaux_de_senegambie_Page_125_5
482,Turdoides reinwardii,,Leiothrichidae,FALSE,FALSE,FALSE,TRUE,oiseaux_de_senegambie_Page_125_6
483,Turdoides fulvus,,Leiothrichidae,FALSE,FALSE,FALSE,TRUE,oiseaux_de_senegambie_Page_126_1
484,Locustella luscinioides,,Locustellidae,FALSE,FALSE,FALSE,TRUE,oiseaux_de_senegambie_Page_126_2
485,Locustella naevia,,Locustellidae,FALSE,FALSE,FALSE,TRUE,oiseaux_de_senegambie_Page_126_3
486,Acrocephalus paludicola,,Acrocephalidae,FALSE,FALSE,FALSE,TRUE,oiseaux_de_senegambie_Page_126_4
487,Acrocephatus schoenobaenus,,Acrocephalidae,FALSE,FALSE,FALSE,TRUE,oiseaux_de_senegambie_Page_126_5
,Acrocephalus palustris,,Acrocephalidae,TRUE,TRUE,FALSE,FALSE,
488,Acrocephalus scirpaceus,,Acrocephalidae,FALSE,FALSE,FALSE,TRUE,oiseaux_de_senegambie_Page_127_1
489,Acrocephalus arundinaceus,,Acrocephalidae,FALSE,FALSE,FALSE,TRUE,oiseaux_de_senegambie_Page_127_2
490,Acrecephalus boeticatus,,Acrocephalidae,FALSE,FALSE,FALSE,TRUE,oiseaux_de_senegambie_Page_127_3
491,Acrocepnhalus rufescens,,Acrocephalidae,FALSE,FALSE,FALSE,TRUE,oiseaux_de_senegambie_Page_127_4
492,Sphenoeacus mentalis,Melocichla mentalis,Macrosphenidae,FALSE,FALSE,FALSE,TRUE,oiseaux_de_senegambie_Page_127_5
,Hippolais icterina,,Acrocephalidae,TRUE,TRUE,FALSE,FALSE,
493,Hippolais polygiotta,,Acrocephalidae,FALSE,FALSE,FALSE,TRUE,oiseaux_de_senegambie_Page_128_1
494,Hippolais pallida,Iduna opaca,Acrocephalidae,FALSE,FALSE,FALSE,TRUE,oiseaux_de_senegambie_Page_128_2
495,Sylvia hortensis,Curruca hortensis,Sylviidae,FALSE,FALSE,FALSE,TRUE,oiseaux_de_senegambie_Page_128_3
496,Sylvia borin,,Sylviidae,FALSE,FALSE,FALSE,TRUE,oiseaux_de_senegambie_Page_128_4
497,Sylvia atricapilla,,Sylviidae,FALSE,FALSE,FALSE,TRUE,oiseaux_de_senegambie_Page_128_5
498,Sylvia communis,,Sylviidae,FALSE,FALSE,FALSE,TRUE,oiseaux_de_senegambie_Page_129_1
499,Sylvia melanocephala,,Sylviidae,FALSE,FALSE,FALSE,TRUE,oiseaux_de_senegambie_Page_129_2
500,Sylvia cantillans,Curruca iberiae,Sylviidae,FALSE,FALSE,FALSE,TRUE,oiseaux_de_senegambie_Page_129_3
501,Sylvia conspicillata,,Sylviidae,FALSE,TRUE,FALSE,TRUE,oiseaux_de_senegambie_Page_129_4
502,Phylloscopus trochilus,,Phylloscopidae,FALSE,FALSE,FALSE,TRUE,oiseaux_de_senegambie_Page_129_5
503,Phylloscopus collybita,,Phylloscopidae,FALSE,FALSE,FALSE,TRUE,oiseaux_de_senegambie_Page_130_1
504,Phyloscopus bonelli,,Phylloscopidae,FALSE,FALSE,FALSE,TRUE,oiseaux_de_senegambie_Page_130_2
505,Phylloscopus sibilatrix,,Phylloscopidae,FALSE,FALSE,FALSE,TRUE,oiseaux_de_senegambie_Page_130_3
506,Cisticola erythrops,,Cisticolidae,FALSE,FALSE,FALSE,TRUE,oiseaux_de_senegambie_Page_130_4
507,Cisticola cantans,,Cisticolidae,FALSE,FALSE,FALSE,TRUE,oiseaux_de_senegambie_Page_130_5
508,Cisticola lateralis,,Cisticolidae,FALSE,FALSE,FALSE,TRUE,oiseaux_de_senegambie_Page_130_6
509,Cisticola galactotes,Cisticola marginatus,Cisticolidae,FALSE,FALSE,FALSE,TRUE,oiseaux_de_senegambie_Page_131_1
510,Cisticoia natalensis,,Cisticolidae,FALSE,TRUE,FALSE,TRUE,oiseaux_de_senegambie_Page_131_2
511,Cisticola ruficeps,Cisticola guinea,Cisticolidae,FALSE,FALSE,FALSE,TRUE,oiseaux_de_senegambie_Page_131_3
512,Cisticola brachyptera,,Cisticolidae,FALSE,FALSE,FALSE,TRUE,oiseaux_de_senegambie_Page_131_4
513,Cisticola rufa,,Cisticolidae,FALSE,FALSE,FALSE,TRUE,oiseaux_de_senegambie_Page_131_5
514,Cisticola juncidis,,Cisticolidae,FALSE,FALSE,FALSE,TRUE,oiseaux_de_senegambie_Page_131_6
515,Cisticola aridula,,Cisticolidae,FALSE,FALSE,FALSE,TRUE,oiseaux_de_senegambie_Page_132_1
516,Cisticola eximia,,Cisticolidae,FALSE,FALSE,FALSE,TRUE,oiseaux_de_senegambie_Page_132_2
517,Prinia clamans,Spiloptila clamans,Cisticolidae,FALSE,FALSE,FALSE,TRUE,oiseaux_de_senegambie_Page_132_3
518,Prinia erythroptera,,Cisticolidae,FALSE,FALSE,FALSE,TRUE,oiseaux_de_senegambie_Page_132_4
519,Prinia subfiava,,Cisticolidae,FALSE,FALSE,FALSE,TRUE,oiseaux_de_senegambie_Page_132_5
520,Apalis flavida,,Cisticolidae,FALSE,TRUE,FALSE,TRUE,oiseaux_de_senegambie_Page_132_6
521,Hypergerus atriceps,,Cisticolidae,FALSE,FALSE,FALSE,TRUE,oiseaux_de_senegambie_Page_133_1
,Bathmocercus cerviniventris,,Cisticolidae,TRUE,TRUE,FALSE,FALSE,
522,Camaroptera chloronota,,Cisticolidae,FALSE,FALSE,FALSE,TRUE,oiseaux_de_senegambie_Page_133_2
523,Camaroptera brachyura,,Cisticolidae,FALSE,FALSE,FALSE,TRUE,oiseaux_de_senegambie_Page_133_3
524,Eremomela icteropygialis,,Cisticolidae,FALSE,FALSE,FALSE,TRUE,oiseaux_de_senegambie_Page_133_4
525,Eremomeia pusilla,,Cisticolidae,FALSE,FALSE,FALSE,TRUE,oiseaux_de_senegambie_Page_133_5
526,Sylvietia virens,,Macrosphenidae,FALSE,FALSE,FALSE,TRUE,oiseaux_de_senegambie_Page_133_6
527,Sylvietta denti,,Macrosphenidae,FALSE,TRUE,FALSE,TRUE,oiseaux_de_senegambie_Page_134_1
528,Sylvietta brachyura,,Macrosphenidae,FALSE,FALSE,FALSE,TRUE,oiseaux_de_senegambie_Page_134_2
529,Hylia prasina,,Cettiidae,FALSE,FALSE,FALSE,TRUE,oiseaux_de_senegambie_Page_134_3
530,Muscicapa striata,,Muscicapidae,FALSE,FALSE,FALSE,TRUE,oiseaux_de_senegambie_Page_134_4
531,Muscicapa aquatica,,Muscicapidae,FALSE,FALSE,FALSE,TRUE,oiseaux_de_senegambie_Page_134_5
,Muscicapa cassini,,Muscicapidae,TRUE,TRUE,FALSE,FALSE,
,Artomyias ussheri,Bradornis ussheri,Muscicapidae,TRUE,TRUE,FALSE,FALSE,
532,Myioparus plumbeus,,Muscicapidae,FALSE,FALSE,FALSE,TRUE,oiseaux_de_senegambie_Page_135_1
533,Ficedula hypoteuca,,Muscicapidae,FALSE,FALSE,FALSE,TRUE,oiseaux_de_senegambie_Page_135_2
534,Fraseria cinerascens,,Muscicapidae,FALSE,FALSE,FALSE,TRUE,oiseaux_de_senegambie_Page_135_3
535,Melaenornis edoligides,,Muscicapidae,FALSE,FALSE,FALSE,TRUE,oiseaux_de_senegambie_Page_135_4
536,Bradornis pallidus,,Muscicapidae,FALSE,FALSE,FALSE,TRUE,oiseaux_de_senegambie_Page_135_5
537,Hyliota flavigaster,,Hyliotidae,FALSE,FALSE,FALSE,TRUE,oiseaux_de_senegambie_Page_136_1
538,Bias musicus,,Platysteiridae,FALSE,FALSE,FALSE,TRUE,oiseaux_de_senegambie_Page_136_2
539,Batis senegalensis,,Platysteiridae,FALSE,FALSE,FALSE,TRUE,oiseaux_de_senegambie_Page_136_3
540,Platysteira cyanea,,Platysteiridae,FALSE,FALSE,FALSE,TRUE,oiseaux_de_senegambie_Page_136_4
541,Trochocercus longicauda,Elminia longicaudus,Stenostiridae,FALSE,FALSE,FALSE,TRUE,oiseaux_de_senegambie_Page_136_5
542,Terpsiphone rufiventer,,Monarchidae,FALSE,FALSE,TRUE,TRUE,oiseaux_de_senegambie_Page_136_6
543,Terpsiphone viridis,,Monarchidae,FALSE,FALSE,FALSE,TRUE,oiseaux_de_senegambie_Page_137_1
544,Parus leucomelas,Parus guineensis,Paridae,FALSE,FALSE,FALSE,TRUE,oiseaux_de_senegambie_Page_137_2
545,Remiz punctifrons,Anthoscopus punctifrons,Remizidae,FALSE,FALSE,FALSE,TRUE,oiseaux_de_senegambie_Page_137_3
546,Remiz parvulus,Anthoscopus parvulus,Remizidae,FALSE,FALSE,FALSE,TRUE,oiseaux_de_senegambie_Page_137_4
547,Salpornis spilonota,Salpornis salvadori,Certhiidae,FALSE,TRUE,FALSE,TRUE,oiseaux_de_senegambie_Page_137_5
548,Anihreptes gabonicus,,Nectariniidae,FALSE,FALSE,FALSE,TRUE,oiseaux_de_senegambie_Page_137_6
549,Anthreptes longuemarei,,Nectariniidae,FALSE,FALSE,FALSE,TRUE,oiseaux_de_senegambie_Page_138_1
550,Anthreptes collaris,,Nectariniidae,FALSE,FALSE,FALSE,TRUE,oiseaux_de_senegambie_Page_138_2
551,Anthreptes platura,,Nectariniidae,FALSE,FALSE,FALSE,TRUE,oiseaux_de_senegambie_Page_138_3
552,Nectarinia olivacea,Cyanomitra olivacea,Nectariniidae,FALSE,FALSE,FALSE,TRUE,oiseaux_de_senegambie_Page_138_4
553,Nectarinia verticalis,,Nectariniidae,FALSE,FALSE,FALSE,TRUE,oiseaux_de_senegambie_Page_138_5
554,Nectarinia senegdlensis,,Nectariniidae,FALSE,FALSE,FALSE,TRUE,oiseaux_de_senegambie_Page_138_6
555,Nectarinia venusta,,Nectariniidae,FALSE,FALSE,FALSE,TRUE,oiseaux_de_senegambie_Page_139_1
556,Nectarinia chloropygia,,Nectariniidae,FALSE,TRUE,FALSE,TRUE,oiseaux_de_senegambie_Page_139_2
557,Nectarinia cuprea,,Nectariniidae,FALSE,FALSE,FALSE,TRUE,oiseaux_de_senegambie_Page_139_3
558,Nectarinia coccinigaster,,Nectariniidae,FALSE,FALSE,FALSE,TRUE,oiseaux_de_senegambie_Page_139_4
559,Nectarinia pulchella,,Nectariniidae,FALSE,FALSE,FALSE,TRUE,oiseaux_de_senegambie_Page_139_5
560,Zosterops senegalensis,,Zosteropidae,FALSE,FALSE,FALSE,TRUE,oiseaux_de_senegambie_Page_139_6
561,Emberiza calandra,,Emberizidae,FALSE,TRUE,FALSE,TRUE,oiseaux_de_senegambie_Page_140_1
562,Emberiza hortulana,,Emberizidae,FALSE,FALSE,FALSE,TRUE,oiseaux_de_senegambie_Page_140_2
563,Emberiza flaviventris,Emberiza goslingi,Emberizidae,FALSE,FALSE,FALSE,TRUE,oiseaux_de_senegambie_Page_140_3
564,Emberiza forbesi,Emberiza affinis,Emberizidae,FALSE,FALSE,FALSE,TRUE,oiseaux_de_senegambie_Page_140_4
565,Emberiza tahapisi,,Emberizidae,FALSE,FALSE,FALSE,TRUE,oiseaux_de_senegambie_Page_140_5
566,Emberiza striolata,Emberiza sahari,Emberizidae,FALSE,FALSE,FALSE,TRUE,oiseaux_de_senegambie_Page_141_1
567,Serinus mozambicus,,Fringillidae,FALSE,FALSE,FALSE,TRUE,oiseaux_de_senegambie_Page_141_2
568,Serinus leucopygius,,Fringillidae,FALSE,FALSE,FALSE,TRUE,oiseaux_de_senegambie_Page_141_3
569,Acanthis cannabina,,Fringillidae,FALSE,FALSE,FALSE,TRUE,oiseaux_de_senegambie_Page_141_4
570,Ambiyospiza albifrons,,Ploceidae,FALSE,TRUE,FALSE,TRUE,oiseaux_de_senegambie_Page_141_5
571,Ploceus lutcolus,,Ploceidae,FALSE,FALSE,FALSE,TRUE,oiseaux_de_senegambie_Page_141_6
,Ploceus pelzeini,,Ploceidae,TRUE,TRUE,FALSE,FALSE,
,Ploceus aurantius,,Ploceidae,TRUE,TRUE,FALSE,FALSE,
572,Ploceus velatus,Ploceus vitellinus,Ploceidae,FALSE,FALSE,FALSE,TRUE,oiseaux_de_senegambie_Page_142_1
573,Ploceus heugiini,,Ploceidae,FALSE,FALSE,FALSE,TRUE,oiseaux_de_senegambie_Page_142_2
574,Ploceus cucullatus,,Ploceidae,FALSE,FALSE,FALSE,TRUE,oiseaux_de_senegambie_Page_142_3
575,Ploceus nigerrimus,Ploceus castaneofuscus,Ploceidae,FALSE,TRUE,FALSE,TRUE,oiseaux_de_senegambie_Page_142_4
576,Ploceus melunocephalus,,Ploceidae,FALSE,FALSE,FALSE,TRUE,oiseaux_de_senegambie_Page_143_1
577,Ploceus superciliosus,,Ploceidae,FALSE,FALSE,FALSE,TRUE,oiseaux_de_senegambie_Page_143_2
578,Ploceus nigricollis,Ploceus brachypterus,Ploceidae,FALSE,FALSE,FALSE,TRUE,oiseaux_de_senegambie_Page_143_3
579,Malimbus nitens,,Ploceidae,FALSE,FALSE,FALSE,TRUE,oiseaux_de_senegambie_Page_143_4
,Malimbus rubricollis,,Ploceidae,TRUE,TRUE,FALSE,FALSE,
580,Malimbus rubriceps,Anaplectes rubriceps,Ploceidae,FALSE,FALSE,FALSE,TRUE,oiseaux_de_senegambie_Page_143_5
581,Quelea erythraps,,Ploceidae,FALSE,FALSE,FALSE,TRUE,oiseaux_de_senegambie_Page_144_1
582,Quelea quelea,,Ploceidae,FALSE,FALSE,FALSE,TRUE,oiseaux_de_senegambie_Page_144_2
583,Euplectes afer,,Ploceidae,FALSE,FALSE,FALSE,TRUE,oiseaux_de_senegambie_Page_144_3
584,Euplectes ardens,,Ploceidae,FALSE,TRUE,FALSE,TRUE,oiseaux_de_senegambie_Page_144_4
585,Euplectes hordeaceus,,Ploceidae,FALSE,FALSE,FALSE,TRUE,oiseaux_de_senegambie_Page_144_5
586,Euplectes macrourus,,Ploceidae,FALSE,FALSE,FALSE,TRUE,oiseaux_de_senegambie_Page_145_1
587,Euplectes orix,Euplectes franciscanus,Ploceidae,FALSE,FALSE,FALSE,TRUE,oiseaux_de_senegambie_Page_145_2
588,Anomalospiza imberbis,,Viduidae,FALSE,TRUE,FALSE,TRUE,oiseaux_de_senegambie_Page_145_3
589,Bubatornis albirostris,,Ploceidae,FALSE,FALSE,FALSE,TRUE,oiseaux_de_senegambie_Page_145_4
590,Plocepasser superciliosus,,Passeridae,FALSE,FALSE,FALSE,TRUE,oiseaux_de_senegambie_Page_145_5
591,Passer domesticus,,Passeridae,FALSE,FALSE,FALSE,TRUE,oiseaux_de_senegambie_Page_145_6
592,Passer griseus,,Passeridae,FALSE,FALSE,FALSE,TRUE,oiseaux_de_senegambie_Page_146_1
593,Passer luteus,,Passeridae,FALSE,FALSE,FALSE,TRUE,oiseaux_de_senegambie_Page_146_2
594,Petronia xanthocollis,Gymnoris pyrgita,Passeridae,FALSE,FALSE,FALSE,TRUE,oiseaux_de_senegambie_Page_146_3
595,Petronia dentata,,Passeridae,FALSE,FALSE,FALSE,TRUE,oiseaux_de_senegambie_Page_146_4
596,Sporopipes frontalis,,Ploceidae,FALSE,FALSE,FALSE,TRUE,oiseaux_de_senegambie_Page_146_5
597,Vidua macroura,,Viduidae,FALSE,FALSE,FALSE,TRUE,oiseaux_de_senegambie_Page_146_6
598,Vidua chalybeata,,Viduidae,FALSE,FALSE,FALSE,TRUE,oiseaux_de_senegambie_Page_147_1
,Vidua raricola,,Viduidae,TRUE,TRUE,FALSE,FALSE,
599,Vidua wilsoni,,Viduidae,FALSE,FALSE,FALSE,TRUE,oiseaux_de_senegambie_Page_147_2
600,Vidua orientalis,,Viduidae,FALSE,FALSE,FALSE,TRUE,oiseaux_de_senegambie_Page_147_3
601,Clytospiza dybowskii,Euschistospiza dybowskii,Estrildidae,FALSE,FALSE,FALSE,TRUE,oiseaux_de_senegambie_Page_147_4
602,Pirenestes osirinus,Pyrenestes sanguineus,Estrildidae,FALSE,FALSE,FALSE,TRUE,oiseaux_de_senegambie_Page_148_1
603,Nigrita bicolor,,Estrildidae,FALSE,FALSE,FALSE,TRUE,oiseaux_de_senegambie_Page_148_2
604,Spermophaga haematina,,Estrildidae,FALSE,FALSE,FALSE,TRUE,oiseaux_de_senegambie_Page_148_3
605,Nesocharis capistrata,,Estrildidae,FALSE,FALSE,FALSE,TRUE,oiseaux_de_senegambie_Page_148_4
606,Amadina fasciata,,Estrildidae,FALSE,FALSE,FALSE,TRUE,oiseaux_de_senegambie_Page_148_5
607,Pytilia melba,,Estrildidae,FALSE,FALSE,FALSE,TRUE,oiseaux_de_senegambie_Page_148_6
608,Pytilia phoenicoptera,,Estrildidae,FALSE,FALSE,FALSE,TRUE,oiseaux_de_senegambie_Page_149_1
609,Estrilda melpoda,,Estrildidae,FALSE,FALSE,FALSE,TRUE,oiseaux_de_senegambie_Page_149_2
610,Estrilda troglodytes,,Estrildidae,FALSE,FALSE,FALSE,TRUE,oiseaux_de_senegambie_Page_149_3
611,Estriida caerulescens,,Estrildidae,FALSE,FALSE,FALSE,TRUE,oiseaux_de_senegambie_Page_149_4
612,Estrilda bengala,Uraeginthus bengalus,Estrildidae,FALSE,FALSE,FALSE,TRUE,oiseaux_de_senegambie_Page_149_5
613,Estrilda larvata,Lagonosticta larvata,Estrildidae,FALSE,FALSE,FALSE,TRUE,oiseaux_de_senegambie_Page_149_6
614,Lagonosticta rufopicia,,Estrildidae,FALSE,FALSE,FALSE,TRUE,oiseaux_de_senegambie_Page_150_1
615,Lagonosticta sencgala,,Estrildidae,FALSE,FALSE,FALSE,TRUE,oiseaux_de_senegambie_Page_150_2
616,Lagonosticta rubricata,,Estrildidae,FALSE,FALSE,FALSE,TRUE,oiseaux_de_senegambie_Page_150_3
617,Lagonosticta rara,,Estrildidae,FALSE,FALSE,FALSE,TRUE,oiseaux_de_senegambie_Page_150_4
618,Amandava subfiava,,Estrildidae,FALSE,FALSE,FALSE,TRUE,oiseaux_de_senegambie_Page_150_5
619,Ortygospiza atricollis,,Estrildidae,FALSE,FALSE,FALSE,TRUE,oiseaux_de_senegambie_Page_150_6
620,Lonchura malabarica,Lonchura cantans,Estrildidae,FALSE,FALSE,FALSE,TRUE,oiseaux_de_senegambie_Page_151_1
621,Lonechura fringilloides,,Estrildidae,FALSE,FALSE,FALSE,TRUE,oiseaux_de_senegambie_Page_151_2
622,Lonchura bicolor,,Estrildidae,FALSE,FALSE,FALSE,TRUE,oiseaux_de_senegambie_Page_151_3
623,Lonchura cucullata,,Estrildidae,FALSE,FALSE,FALSE,TRUE,oiseaux_de_senegambie_Page_151_4